-- phpMyAdmin SQL Dump
-- version 5.1.0
-- https://www.phpmyadmin.net/
--
-- Хост: 127.0.0.1:3306
-- Время создания: Дек 01 2021 г., 18:34
-- Версия сервера: 5.7.33-log
-- Версия PHP: 7.1.33

SET SQL_MODE = "NO_AUTO_VALUE_ON_ZERO";
START TRANSACTION;
SET time_zone = "+00:00";


/*!40101 SET @OLD_CHARACTER_SET_CLIENT=@@CHARACTER_SET_CLIENT */;
/*!40101 SET @OLD_CHARACTER_SET_RESULTS=@@CHARACTER_SET_RESULTS */;
/*!40101 SET @OLD_COLLATION_CONNECTION=@@COLLATION_CONNECTION */;
/*!40101 SET NAMES utf8mb4 */;

--
-- База данных: `weather_in_region`
--

-- --------------------------------------------------------

--
-- Структура таблицы `air_pollution_class`
--

CREATE TABLE `air_pollution_class` (
  `air_pollution_class` char(10) COLLATE utf8mb4_unicode_ci NOT NULL
) ENGINE=InnoDB DEFAULT CHARSET=utf8mb4 COLLATE=utf8mb4_unicode_ci;

--
-- Дамп данных таблицы `air_pollution_class`
--

INSERT INTO `air_pollution_class` (`air_pollution_class`) VALUES
('A'),
('B'),
('C'),
('D'),
('E');

-- --------------------------------------------------------

--
-- Структура таблицы `atmospheric_pressure`
--

CREATE TABLE `atmospheric_pressure` (
  `atmospheric_pressure` varchar(50) COLLATE utf8mb4_unicode_ci NOT NULL
) ENGINE=InnoDB DEFAULT CHARSET=utf8mb4 COLLATE=utf8mb4_unicode_ci;

--
-- Дамп данных таблицы `atmospheric_pressure`
--

INSERT INTO `atmospheric_pressure` (`atmospheric_pressure`) VALUES
('Антициклон'),
('Норма'),
('Циклон');

-- --------------------------------------------------------

--
-- Структура таблицы `cloudiness`
--

CREATE TABLE `cloudiness` (
  `cloudiness` varchar(50) COLLATE utf8mb4_unicode_ci NOT NULL
) ENGINE=InnoDB DEFAULT CHARSET=utf8mb4 COLLATE=utf8mb4_unicode_ci;

--
-- Дамп данных таблицы `cloudiness`
--

INSERT INTO `cloudiness` (`cloudiness`) VALUES
('Переменная облачность'),
('С просветами'),
('Сплошная облачность'),
('Ясно');

-- --------------------------------------------------------

--
-- Структура таблицы `composition_of_population`
--

CREATE TABLE `composition_of_population` (
  `ID` int(11) NOT NULL,
  `child` int(11) DEFAULT NULL,
  `adults` int(11) DEFAULT NULL,
  `pensioners` int(11) DEFAULT NULL
) ENGINE=InnoDB DEFAULT CHARSET=utf8mb4 COLLATE=utf8mb4_unicode_ci;

--
-- Дамп данных таблицы `composition_of_population`
--

INSERT INTO `composition_of_population` (`ID`, `child`, `adults`, `pensioners`) VALUES
(1, 16, 54, 30),
(2, 23, 19, 58),
(3, 27, 42, 31),
(4, 32, 54, 14),
(5, 16, 45, 39),
(6, 11, 66, 23),
(7, 45, 54, 1),
(8, 16, 27, 57),
(9, 45, 31, 24),
(10, 54, 23, 23),
(11, 36, 50, 14),
(12, 18, 71, 11),
(13, 57, 10, 33),
(14, 71, 9, 20),
(15, 47, 33, 20),
(16, 59, 5, 36),
(17, 29, 11, 60),
(18, 39, 37, 24);

-- --------------------------------------------------------

--
-- Структура таблицы `ecology_state`
--

CREATE TABLE `ecology_state` (
  `id` int(11) NOT NULL,
  `count_vehicles` int(11) DEFAULT NULL,
  `count_plants` int(11) DEFAULT NULL,
  `air_pollution_class` char(10) COLLATE utf8mb4_unicode_ci DEFAULT NULL,
  `soil_erosion_indicator` varchar(50) COLLATE utf8mb4_unicode_ci DEFAULT NULL
) ENGINE=InnoDB DEFAULT CHARSET=utf8mb4 COLLATE=utf8mb4_unicode_ci;

--
-- Дамп данных таблицы `ecology_state`
--

INSERT INTO `ecology_state` (`id`, `count_vehicles`, `count_plants`, `air_pollution_class`, `soil_erosion_indicator`) VALUES
(1, 345, 78, 'A', 'Нулевой'),
(2, 852, 36, 'B', 'Высокий'),
(3, 431, 15, 'B', 'Слабый'),
(4, 123, 36, 'C', 'Умеренный'),
(5, 245, 16, 'D', 'Слабый'),
(6, 321, 44, 'A', 'Критичный'),
(7, 146, 11, 'A', 'Нулевой'),
(8, 224, 42, 'D', 'Критичный'),
(9, 369, 23, 'D', 'Высокий'),
(10, 149, 21, 'C', 'Критичный'),
(11, 223, 26, 'B', 'Высокий'),
(12, 42, 5, 'A', 'Нулевой'),
(13, 562, 55, 'E', 'Высокий'),
(14, 325, 12, 'D', 'Высокий'),
(15, 256, 31, 'E', 'Критичный');

-- --------------------------------------------------------

--
-- Структура таблицы `population`
--

CREATE TABLE `population` (
  `id` int(11) NOT NULL,
  `count_people` int(11) DEFAULT NULL,
  `composition_of_population` int(11) DEFAULT NULL,
  `citizen_count` int(11) DEFAULT NULL
) ENGINE=InnoDB DEFAULT CHARSET=utf8mb4 COLLATE=utf8mb4_unicode_ci;

--
-- Дамп данных таблицы `population`
--

INSERT INTO `population` (`id`, `count_people`, `composition_of_population`, `citizen_count`) VALUES
(1, 150, 6, 78),
(2, 349, 14, 34),
(3, 568, 5, 34),
(4, 987, 15, 67),
(5, 395, 3, 91),
(6, 221, 11, 56),
(7, 625, 3, 34),
(8, 125, 13, 59),
(9, 452, 6, 45),
(10, 369, 18, 58),
(11, 584, 8, 76),
(12, 752, 5, 63),
(13, 423, 2, 67),
(14, 421, 15, 88),
(15, 336, 7, 45),
(16, 344, 14, 78);

-- --------------------------------------------------------

--
-- Структура таблицы `precipitation`
--

CREATE TABLE `precipitation` (
  `precipitation` varchar(50) COLLATE utf8mb4_unicode_ci NOT NULL
) ENGINE=InnoDB DEFAULT CHARSET=utf8mb4 COLLATE=utf8mb4_unicode_ci;

--
-- Дамп данных таблицы `precipitation`
--

INSERT INTO `precipitation` (`precipitation`) VALUES
('Без осадков'),
('Гололёд'),
('Град'),
('Дождь'),
('Морось'),
('Снег'),
('Туман');

-- --------------------------------------------------------

--
-- Структура таблицы `region`
--

CREATE TABLE `region` (
  `id` int(11) NOT NULL,
  `name` varchar(50) COLLATE utf8mb4_unicode_ci DEFAULT NULL,
  `square` int(11) DEFAULT NULL,
  `avia_connection` char(10) COLLATE utf8mb4_unicode_ci DEFAULT NULL,
  `type_of_region` varchar(50) COLLATE utf8mb4_unicode_ci DEFAULT NULL,
  `ecology_state_id` int(11) DEFAULT NULL,
  `population_id` int(11) DEFAULT NULL
) ENGINE=InnoDB DEFAULT CHARSET=utf8mb4 COLLATE=utf8mb4_unicode_ci;

--
-- Дамп данных таблицы `region`
--

INSERT INTO `region` (`id`, `name`, `square`, `avia_connection`, `type_of_region`, `ecology_state_id`, `population_id`) VALUES
(1, 'Волгоградская область', 234, 'Есть', 'Промышленный', 14, 12),
(2, 'Кемеровская область', 321, 'Есть', 'Смешанный', 15, 15),
(3, 'Краснодарский край', 456, 'Есть', 'Сельскохозяйственный', 12, 12),
(4, 'Нижегородская область', 321, 'Есть', 'Промышленный', 4, 3),
(5, 'Пермский край', 456, 'Нет', 'Дотационный', 6, 7),
(6, 'Республика Марий Эл', 159, 'Нет', 'Дотационный', 1, 5),
(7, 'Удмуртская Республика', 267, 'Нет', 'Сельскохозяйственный', 7, 16),
(8, 'Алтайский край', 456, 'Есть', 'Сельскохозяйственный', 13, 10),
(9, 'Архангельская область', 210, 'Нет', 'Промышленный', 5, 14),
(10, 'Владимирская область', 180, 'Нет', 'Смешанный', 9, 4),
(11, 'Ивановская область', 132, 'Нет', 'Промышленный', 9, 11),
(12, 'Камчатский край', 234, 'Нет', 'Дотационный', 15, 12),
(13, 'Костромская область', 123, 'Нет', 'Дотационный', 11, 14),
(14, 'Липецкая область', 378, 'Нет', 'Промышленный', 5, 4),
(15, 'Мурманская область', 345, 'Есть', 'Промышленный', 7, 7),
(16, 'Пензенская область', 401, 'Нет', 'Смешанный', 10, 1);

-- --------------------------------------------------------

--
-- Структура таблицы `soil_erosion_indicator`
--

CREATE TABLE `soil_erosion_indicator` (
  `soil_erosion_indicator` varchar(50) COLLATE utf8mb4_unicode_ci NOT NULL
) ENGINE=InnoDB DEFAULT CHARSET=utf8mb4 COLLATE=utf8mb4_unicode_ci;

--
-- Дамп данных таблицы `soil_erosion_indicator`
--

INSERT INTO `soil_erosion_indicator` (`soil_erosion_indicator`) VALUES
('Высокий'),
('Критичный'),
('Нулевой'),
('Слабый'),
('Умеренный');

-- --------------------------------------------------------

--
-- Структура таблицы `sysdiagrams`
--

CREATE TABLE `sysdiagrams` (
  `name` varchar(160) COLLATE utf8mb4_unicode_ci NOT NULL,
  `principal_id` int(11) NOT NULL,
  `diagram_id` int(11) NOT NULL,
  `version` int(11) DEFAULT NULL,
  `definition` longblob
) ENGINE=InnoDB DEFAULT CHARSET=utf8mb4 COLLATE=utf8mb4_unicode_ci;

--
-- Дамп данных таблицы `sysdiagrams`
--

INSERT INTO `sysdiagrams` (`name`, `principal_id`, `diagram_id`, `version`, `definition`) VALUES
('1', 1, 4, 1, 0xd0cf11e0a1b11ae1000000000000000000000000000000003e000300feff0900060000000000000000000000010000000100000000000000001000006900000001000000feffffff0000000000000000fffffffffffffffffffffffffffffffffffffffffffffffffffffffffffffffffffffffffffffffffffffffffffffffffffffffffffffffffffffffffffffffffffffffffffffffffffffffffffffffffffffffffffffffffffffffffffffffffffffffffffffffffffffffffffffffffffffffffffffffffffffffffffffffffffffffffffffffffffffffffffffffffffffffffffffffffffffffffffffffffffffffffffffffffffffffffffffffffffffffffffffffffffffffffffffffffffffffffffffffffffffffffffffffffffffffffffffffffffffffffffffffffffffffffffffffffffffffffffffffffffffffffffffffffffffffffffffffffffffffffffffffffffffffffffffffffffffffffffffffffffffffffffffffffffffffffffffffffffffffffffffffffffffffffffffffffffffffffffffffffffffffffffffffffffffffffffffffffffffffffffffffffffffffffffffffffffffffffffffffffffffffffffffffffffffffffffffffffffffffffffffffffffffffffffffffffffffffffffffffffffffffffffffffffffffffffffffffffffffffffffffffffffffffffffffffffdffffff6d000000030000000400000005000000060000000700000008000000090000000a0000000b0000000c0000000d0000000e0000000f000000100000001100000012000000130000001400000015000000160000001700000018000000190000001a0000001b0000001c0000001d0000001e0000001f000000200000002100000022000000230000002400000025000000260000002700000028000000290000002a0000002b0000002c0000002d0000002e0000002f000000300000003100000032000000330000003400000035000000360000003700000038000000390000003a0000003b0000003c0000003d0000003e0000003f000000400000004100000042000000430000004400000045000000460000004700000048000000490000004a0000004b0000004c0000004d0000004e0000004f000000500000005100000052000000530000005400000055000000560000005700000058000000590000005a0000005b0000005c0000005d0000005e0000005f000000600000006100000062000000630000006400000065000000660000006700000068000000fefffffffeffffff6b0000006c000000fefffffffeffffffffffffffffffffffffffffffffffffffffffffffffffffffffffffffffffffffffffffffffffffffffffffffffffffffffffffffffffffffffffffffffffffffffffffffffffffff52006f006f007400200045006e00740072007900000000000000000000000000000000000000000000000000000000000000000000000000000000000000000016000500ffffffffffffffff0200000000000000000000000000000000000000000000000000000000000000704a885043d2d7016a000000800500000000000044006400730058004d004c00530074007200650061006d00000000000000000000000000000000000000000000000000000000000000000000000000000000001a000201ffffffffffffffffffffffff00000000000000000000000000000000000000000000000000000000000000000000000002000000cecd00000000000053006300680065006d00610020005500440056002000440065006600610075006c00740000000000000000000000000000000000000000000000000000000000260002010100000003000000ffffffff000000000000000000000000000000000000000000000000000000000000000000000000000000001600000000000000440053005200450046002d0053004300480045004d0041002d0043004f004e00540045004e0054005300000000000000000000000000000000000000000000002c000201ffffffff04000000ffffffff00000000000000000000000000000000000000000000000000000000000000000000000001000000d8040000000000003c6464733e3c6469616772616d20666f6e74636c7369643d227b37374432433932442d373737392d313144382d393037302d3030303635423834304439437d22206d6f75736569636f6e636c7369643d227b30424533353230342d384639312d313143452d394445332d3030414130303442423835317d222064656661756c746c61796f75743d224d534444532e52656374696c696e656172222064656661756c746c696e65726f7574653d224d534444532e52656374696c696e656172222076657273696f6e3d223722206e6578746f626a6563743d22333422207363616c653d22313030222070616765627265616b616e63686f72783d2230222070616765627265616b616e63686f72793d2230222070616765627265616b73697a65783d2230222070616765627265616b73697a65793d223022207363726f6c6c6c6566743d223022207363726f6c6c746f703d2236313332222067726964783d22313530222067726964793d2231353022206d617267696e783d223530303022206d617267696e793d223530303022207a6f6f6d3d223130302220783d2234303238302220793d22313735343722206261636b636f6c6f723d222d32313437343833363433222064656661756c7470657273697374656e63653d223322205072696e74506167654e756d626572734d6f64653d223322205072696e744d617267696e546f703d223022205072696e744d617267696e426f74746f6d3d2236333522205072696e744d617267696e4c6566743d223022205072696e744d617267696e52696768743d223022206d61727175656573656c656374696f6e6d6f64653d223122206d6f757365706f696e7465723d22302220736e6170746f677269643d223122206175746f74797065616e6e6f746174696f6e3d2231222073686f777363726f6c6c626172733d223122207669657770616765627265616b733d22302220646f6e6f74666f726365636f6e6e6563746f7273626568696e647368617065733d2231223e3c666f6e743e3c646473786d6c6f626a65637473747265616d777261707065722062696e6172793d22303030303038303033303030303030303030303230303030222f3e3c2f666f6e743e3c6d6f75736569636f6e3e3c646473786d6c6f626a65637473747265616d777261707065722062696e6172793d2236633734303030303030303030303030222f3e3c2f6d6f75736569636f6e3e3c2f6469616772616d3e3c6c61796f75746d616e616765723e3c646473786d6c6f626a3e3c70726f7065727479206e616d653d227363685f6c6162656c735f76697369626c65222076616c75653d22302220766172747970653d223131222f3e3c2f646473786d6c6f626a3e3c2f6c61796f75746d616e616765723e3c646473636f6e74726f6c20636f6e74726f6c70726f6769643d227b36323341433037352d324337372d343837332d383833442d3933304234333634423442437d2220746f6f6c7469703d226167655f63617465676f727922206c6566743d22302220746f703d223022206c6f676963616c69643d22312220636f6e74726f6c69643d223122206d617374657269643d2230222068696e74313d2230222068696e74323d2230222077696474683d223634313322206865696768743d223137313422206e6f726573697a653d223022206e6f6d6f76653d223022206e6f64656661756c74617474616368706f696e74733d223022206175746f647261673d2230222075736564656661756c7469646473686170653d2230222073656c65637461626c653d2231222073686f7773656c656374696f6e68616e646c65733d22302220616c6c6f776e756467696e673d223122206973616e6e6f746174696f6e3d22302220646f6e746175746f6c61796f75743d2230222067726f7570636f6c6c61707365643d2230222074616273746f703d2231222076697369626c653d22312220736e6170746f677269643d2231223e3c636f6e74726f6c3e3c646473786d6c6f626a65637473747265616d696e6974777261707065722062696e6172793d223231343333343132303830303030303030643139303030306232303630303030373835363334313230373030303030303134303130303030363130303637303036353030356630303633303036313030373430303635303036373030366630303732303037393030303030303536336665366535363533663030303038303366303030303830336664306366346633666437643635363366653665353635336630303030383033663162303030303030303030303030303030303030303030303031303030303030303430303030303030303030303030303162303030303030336130303030303030303030303030303030303030303030303130303030303030343030303030303030303030303030316230303030303061613030303030303032303030303030303030303030303030333030303030303034303030303030303030303030303039663030303030306266303030303030303530303030303030303030303030303037303030303030303430303030303030303030303030303831303030303030646330303030303030343030303030303030303030303030303630303030303030343030303030303030303030303030653830303030303031313031303030303032303030303030303030303030303030333030303030303034303030303030303030303030303033613030303030303265303130303030303330303030303030333030303030303035303030303030303030303030303030303030303030303031303030303030303530303030303035343030303030303263303030303030326330303030303032633030303030303334303030303030303030303030303030303030303030303833333330303030633131343030303030303030303030303264303130303030303730303030303030633030303030303037303030303030316330313030303039343062303030303738303930303030333830343030303034303035303030306138303330303030353430363030303065303037303030306263303430303030653030373030303066633039303030306438303630303030303030303030303030313030303030303064313930303030623230363030303030303030303030303031303030303030303130303030303030323030303030303032303030303030316330313030303038343063303030303030303030303030303130303030303037623137303030303230303530303030303030303030303030313030303030303031303030303030303230303030303030323030303030303163303130303030393430623030303030313030303030303030303030303030376231373030303065353032303030303030303030303030303030303030303030303030303030303032303030303030303230303030303031633031303030303934306230303030303030303030303030303030303030306163336530303030323632323030303030303030303030303030303030303030306430303030303030343030303030303034303030303030316330313030303039343062303030306230306430303030373030383030303037383536333431323034303030303030363230303030303030313030303030303031303030303030306230303030303030303030303030303031303030303030303230303030303030333030303030303034303030303030303530303030303030363030303030303037303030303030303830303030303030393030303030303061303030303030303430303030303036343030363230303666303030303030306430303030303036313030363730303635303035663030363330303631303037343030363530303637303036663030373230303739303030303030222f3e3c2f636f6e74726f6c3e3c6c61796f75746f626a6563743e3c646473786d6c6f626a3e3c70726f7065727479206e616d653d224163746976655461626c65566965774d6f6465222076616c75653d22312220766172747970653d2238222f3e3c70726f7065727479206e616d653d225461626c65566965774d6f64653a30222076616c75653d22342c302c3238342c302c323936342c312c323432342c352c313632302220766172747970653d2238222f3e3c70726f7065727479206e616d653d225461626c65566965774d6f64653a31222076616c75653d22322c302c3238342c302c333230342220766172747970653d2238222f3e3c70726f7065727479206e616d653d225461626c65566965774d6f64653a32222076616c75653d22322c302c3238342c302c323936342220766172747970653d2238222f3e3c70726f7065727479206e616d653d225461626c65566965774d6f64653a33222076616c75653d22322c302c3238342c302c323936342220766172747970653d2238222f3e3c70726f7065727479206e616d653d225461626c65566965774d6f64653a34222076616c75653d22342c302c3238342c302c323936342c31322c333530342c31312c323136302220766172747970653d2238222f3e3c2f646473786d6c6f626a3e3c2f6c61796f75746f626a6563743e3c73686170652067726f7570736861706569643d2230222067726f75706e6f64653d2230222f3e3c2f646473636f6e74726f6c3e3c646473636f6e74726f6c20636f6e74726f6c70726f6769643d227b36323341433037352d324337372d343837332d383833442d3933304234333634423442437d2220746f6f6c7469703d226169725f706f6c6c7574696f6e5f636c61737322206c6566743d2231333935302220746f703d22323136303022206c6f676963616c69643d22322220636f6e74726f6c69643d223222206d617374657269643d2230222068696e74313d2230222068696e74323d2230222077696474683d223634313322206865696768743d223137313422206e6f726573697a653d223022206e6f6d6f76653d223022206e6f64656661756c74617474616368706f696e74733d223022206175746f647261673d2230222075736564656661756c7469646473686170653d2230222073656c65637461626c653d2231222073686f7773656c656374696f6e68616e646c65733d22302220616c6c6f776e756467696e673d223122206973616e6e6f746174696f6e3d22302220646f6e746175746f6c61796f75743d2230222067726f7570636f6c6c61707365643d2230222074616273746f703d2231222076697369626c653d22312220736e6170746f677269643d2231223e3c636f6e74726f6c3e3c646473786d6c6f626a65637473747265616d696e6974777261707065722062696e6172793d22323134333334313230383030303030303064313930303030623230363030303037383536333431323037303030303030313430313030303036313030363930303732303035663030373030303666303036633030366330303735303037343030363930303666303036653030356630303633303036633030363130303733303037333030303030306430636634663366643764363536336665366535363533663030303038303366373230303666303037333030366630303636303037343030356330303431303037303030373030303464303036663030363430303635303036633030356330303463303036663030366630303662303036313030373330303639303036343030363530303563303036643030363130303633303036383030363930303665303036353030356330303533303034663030343630303534303035373030343130303532303034353030356330303433303036633030363130303733303037333030363530303733303035633030353730303466303035373030333630303334303033333030333230303465303036663030363430303635303035633030343330303463303035333030343930303434303035633030376230303339303034363030343330303338303034353030333530303331303033303030326430303431303033323030333730303433303032643030333430303432303033333030343230303264303034323030333930303030303030303030303030303030303030303030303130303030303030353030303030303534303030303030326330303030303032633030303030303263303030303030333430303030303030303030303030303030303030303030383333333030303063313134303030303030303030303030326430313030303030373030303030303063303030303030303730303030303031633031303030303934306230303030373830393030303033383034303030303430303530303030613830333030303035343036303030306530303730303030626330343030303065303037303030306663303930303030643830363030303030303030303030303031303030303030306431393030303062323036303030303030303030303030303130303030303030313030303030303032303030303030303230303030303031633031303030303834306330303030303030303030303030313030303030303762313730303030323030353030303030303030303030303031303030303030303130303030303030323030303030303032303030303030316330313030303039343062303030303031303030303030303030303030303037623137303030306535303230303030303030303030303030303030303030303030303030303030303230303030303030323030303030303163303130303030393430623030303030303030303030303030303030303030616333653030303032363232303030303030303030303030303030303030303030643030303030303034303030303030303430303030303031633031303030303934306230303030623030643030303037303038303030303738353633343132303430303030303037303030303030303031303030303030303130303030303030623030303030303030303030303030303130303030303030323030303030303033303030303030303430303030303030353030303030303036303030303030303730303030303030383030303030303039303030303030306130303030303030343030303030303634303036323030366630303030303031343030303030303631303036393030373230303566303037303030366630303663303036633030373530303734303036393030366630303665303035663030363330303663303036313030373330303733303030303030222f3e3c2f636f6e74726f6c3e3c6c61796f75746f626a6563743e3c646473786d6c6f626a3e3c70726f7065727479206e616d653d224163746976655461626c65566965774d6f6465222076616c75653d22312220766172747970653d2238222f3e3c70726f7065727479206e616d653d225461626c65566965774d6f64653a30222076616c75653d22342c302c3238342c302c323936342c312c323432342c352c313632302220766172747970653d2238222f3e3c70726f7065727479206e616d653d225461626c65566965774d6f64653a31222076616c75653d22322c302c3238342c302c333230342220766172747970653d2238222f3e3c70726f7065727479206e616d653d225461626c65566965774d6f64653a32222076616c75653d22322c302c3238342c302c323936342220766172747970653d2238222f3e3c70726f7065727479206e616d653d225461626c65566965774d6f64653a33222076616c75653d22322c302c3238342c302c323936342220766172747970653d2238222f3e3c70726f7065727479206e616d653d225461626c65566965774d6f64653a34222076616c75653d22342c302c3238342c302c323936342c31322c333530342c31312c323136302220766172747970653d2238222f3e3c2f646473786d6c6f626a3e3c2f6c61796f75746f626a6563743e3c73686170652067726f7570736861706569643d2230222067726f75706e6f64653d2230222f3e3c2f646473636f6e74726f6c3e3c646473636f6e74726f6c20636f6e74726f6c70726f6769643d227b36323341433037352d324337372d343837332d383833442d3933304234333634423442437d2220746f6f6c7469703d2261746d6f737068657269635f707265737375726522206c6566743d2232323935302220746f703d22313035303022206c6f676963616c69643d22332220636f6e74726f6c69643d223322206d617374657269643d2230222068696e74313d2230222068696e74323d2230222077696474683d223634313322206865696768743d223137313422206e6f726573697a653d223022206e6f6d6f76653d223022206e6f64656661756c74617474616368706f696e74733d223022206175746f647261673d2230222075736564656661756c7469646473686170653d2230222073656c65637461626c653d2231222073686f7773656c656374696f6e68616e646c65733d22302220616c6c6f776e756467696e673d223122206973616e6e6f746174696f6e3d22302220646f6e746175746f6c61796f75743d2230222067726f7570636f6c6c61707365643d2230222074616273746f703d2231222076697369626c653d22312220736e6170746f677269643d2231223e3c636f6e74726f6c3e3c646473786d6c6f626a65637473747265616d696e6974777261707065722062696e6172793d2232313433333431323038303030303030306431393030303062323036303030303738353633343132303730303030303031343031303030303631303037343030366430303666303037333030373030303638303036353030373230303639303036333030356630303730303037323030363530303733303037333030373530303732303036353030303030303536336664636462356233666561653936393366303030303830336630303030383033666135613432343365653565343634336561626161616133653030303038303366303230303030303039383030303030303331303030303030313030303030303039663030303030303337303030303030303230303030303064663030303030303434303030303030303230303030303065383030303030303438303030303030303230303030303066633030303030303532303030303030303230303030303030343031303030303534303030303030313030303030303032363031303030306666666666666666303230303030303032623031303030303661303030303030303230303030303032653031303030303662303030303030303230303030303033343031303030303866303030303030303230303030303033343031303030306664666666666666303230303030303033653031303030306666666666666666303230303030303034373031303030303039303030303030303230303030303035353031303030303030303030303030303030303030303030313030303030303035303030303030353430303030303032633030303030303263303030303030326330303030303033343030303030303030303030303030303030303030303038333333303030306331313430303030303030303030303032643031303030303037303030303030306330303030303030373030303030303163303130303030393430623030303037383039303030303338303430303030343030353030303061383033303030303534303630303030653030373030303062633034303030306530303730303030666330393030303064383036303030303030303030303030303130303030303030643139303030306232303630303030303030303030303030313030303030303031303030303030303230303030303030323030303030303163303130303030383430633030303030303030303030303031303030303030376231373030303032303035303030303030303030303030303130303030303030313030303030303032303030303030303230303030303031633031303030303934306230303030303130303030303030303030303030303762313730303030653530323030303030303030303030303030303030303030303030303030303030323030303030303032303030303030316330313030303039343062303030303030303030303030303030303030303061633365303030303236323230303030303030303030303030303030303030303064303030303030303430303030303030343030303030303163303130303030393430623030303062303064303030303730303830303030373835363334313230343030303030303732303030303030303130303030303030313030303030303062303030303030303030303030303030313030303030303032303030303030303330303030303030343030303030303035303030303030303630303030303030373030303030303038303030303030303930303030303030613030303030303034303030303030363430303632303036663030303030303135303030303030363130303734303036643030366630303733303037303030363830303635303037323030363930303633303035663030373030303732303036353030373330303733303037353030373230303635303030303030222f3e3c2f636f6e74726f6c3e3c6c61796f75746f626a6563743e3c646473786d6c6f626a3e3c70726f7065727479206e616d653d224163746976655461626c65566965774d6f6465222076616c75653d22312220766172747970653d2238222f3e3c70726f7065727479206e616d653d225461626c65566965774d6f64653a30222076616c75653d22342c302c3238342c302c323936342c312c323432342c352c313632302220766172747970653d2238222f3e3c70726f7065727479206e616d653d225461626c65566965774d6f64653a31222076616c75653d22322c302c3238342c302c333230342220766172747970653d2238222f3e3c70726f7065727479206e616d653d225461626c65566965774d6f64653a32222076616c75653d22322c302c3238342c302c323936342220766172747970653d2238222f3e3c70726f7065727479206e616d653d225461626c65566965774d6f64653a33222076616c75653d22322c302c3238342c302c323936342220766172747970653d2238222f3e3c70726f7065727479206e616d653d225461626c65566965774d6f64653a34222076616c75653d22342c302c3238342c302c323936342c31322c333530342c31312c323136302220766172747970653d2238222f3e3c2f646473786d6c6f626a3e3c2f6c61796f75746f626a6563743e3c73686170652067726f7570736861706569643d2230222067726f75706e6f64653d2230222f3e3c2f646473636f6e74726f6c3e3c646473636f6e74726f6c20636f6e74726f6c70726f6769643d227b36323341433037352d324337372d343837332d383833442d3933304234333634423442437d2220746f6f6c7469703d22636f6d706f736974696f6e5f6f665f706f70756c6174696f6e22206c6566743d22302220746f703d22313435353022206c6f676963616c69643d22342220636f6e74726f6c69643d223422206d617374657269643d2230222068696e74313d2230222068696e74323d2230222077696474683d223638353822206865696768743d223334393222206e6f726573697a653d223022206e6f6d6f76653d223022206e6f64656661756c74617474616368706f696e74733d223022206175746f647261673d2230222075736564656661756c7469646473686170653d2230222073656c65637461626c653d2231222073686f7773656c656374696f6e68616e646c65733d22302220616c6c6f776e756467696e673d223122206973616e6e6f746174696f6e3d22302220646f6e746175746f6c61796f75743d2230222067726f7570636f6c6c61707365643d2230222074616273746f703d2231222076697369626c653d22312220736e6170746f677269643d2231223e3c636f6e74726f6c3e3c646473786d6c6f626a65637473747265616d696e6974777261707065722062696e6172793d22323134333334313230383030303030306361316130303030613430643030303037383536333431323037303030303030313430313030303036333030366630303664303037303030366630303733303036393030373430303639303036663030366530303566303036663030363630303566303037303030366630303730303037353030366330303631303037343030363930303666303036653030303030303030303038303366303030303030303030303030303030303030303030303030303030303030303030303030303030303030303030303030303030303030303030303030303030303030303030303030303030303030303030303030303030303030303030303030303030303030303030303030303030303030303030303030303030303030303030303030303030303030303030303030303030303030303030303030303030303030303030303030303030303030303030303030303030303030303030303030303030303030303030303030303030303030303030303030303030303030303030303030303030303030303030303030303030303030303030303030303030303030303030303030303030303030303030303030303030303030303030303030303030303030303030303030303030303030303030303030303030303030303030303030303030303030303030303030303030303030303030303030303030303030303030303030303030303030303030303030303030303030303030303030303130303030303030353030303030303534303030303030326330303030303032633030303030303263303030303030333430303030303030303030303030303030303030303030383333333030303063313134303030303030303030303030326430313030303030373030303030303063303030303030303730303030303031633031303030303934306230303030373830393030303033383034303030303430303530303030613830333030303035343036303030306530303730303030626330343030303065303037303030306663303930303030643830363030303030303030303030303031303030303030636131613030303061343064303030303030303030303030303430303030303030343030303030303032303030303030303230303030303031633031303030303830306430303030303030303030303030313030303030303762313730303030323030353030303030303030303030303031303030303030303130303030303030323030303030303032303030303030316330313030303039343062303030303031303030303030303030303030303037623137303030306535303230303030303030303030303030303030303030303030303030303030303230303030303030323030303030303163303130303030393430623030303030303030303030303030303030303030616333653030303032363232303030303030303030303030303030303030303030643030303030303034303030303030303430303030303031633031303030303934306230303030623030643030303037303038303030303738353633343132303430303030303037633030303030303031303030303030303130303030303030623030303030303030303030303030303130303030303030323030303030303033303030303030303430303030303030353030303030303036303030303030303730303030303030383030303030303039303030303030306130303030303030343030303030303634303036323030366630303030303031613030303030303633303036663030366430303730303036663030373330303639303037343030363930303666303036653030356630303666303036363030356630303730303036663030373030303735303036633030363130303734303036393030366630303665303030303030222f3e3c2f636f6e74726f6c3e3c6c61796f75746f626a6563743e3c646473786d6c6f626a3e3c70726f7065727479206e616d653d224163746976655461626c65566965774d6f6465222076616c75653d22312220766172747970653d2238222f3e3c70726f7065727479206e616d653d225461626c65566965774d6f64653a30222076616c75653d22342c302c3238342c302c323936342c312c323432342c352c313632302220766172747970653d2238222f3e3c70726f7065727479206e616d653d225461626c65566965774d6f64653a31222076616c75653d22322c302c3238342c302c333435362220766172747970653d2238222f3e3c70726f7065727479206e616d653d225461626c65566965774d6f64653a32222076616c75653d22322c302c3238342c302c323936342220766172747970653d2238222f3e3c70726f7065727479206e616d653d225461626c65566965774d6f64653a33222076616c75653d22322c302c3238342c302c323936342220766172747970653d2238222f3e3c70726f7065727479206e616d653d225461626c65566965774d6f64653a34222076616c75653d22342c302c3238342c302c323936342c31322c333530342c31312c323136302220766172747970653d2238222f3e3c2f646473786d6c6f626a3e3c2f6c61796f75746f626a6563743e3c73686170652067726f7570736861706569643d2230222067726f75706e6f64653d2230222f3e3c2f646473636f6e74726f6c3e3c646473636f6e74726f6c20636f6e74726f6c70726f6769643d227b36323341433037352d324337372d343837332d383833442d3933304234333634423442437d2220746f6f6c7469703d2265636f6c6f67795f737461746522206c6566743d22343635302220746f703d22323034303022206c6f676963616c69643d22352220636f6e74726f6c69643d223522206d617374657269643d2230222068696e74313d2230222068696e74323d2230222077696474683d223638353822206865696768743d223430383522206e6f726573697a653d223022206e6f6d6f76653d223022206e6f64656661756c74617474616368706f696e74733d223022206175746f647261673d2230222075736564656661756c7469646473686170653d2230222073656c65637461626c653d2231222073686f7773656c656374696f6e68616e646c65733d22302220616c6c6f776e756467696e673d223122206973616e6e6f746174696f6e3d22302220646f6e746175746f6c61796f75743d2230222067726f7570636f6c6c61707365643d2230222074616273746f703d2231222076697369626c653d22312220736e6170746f677269643d2231223e3c636f6e74726f6c3e3c646473786d6c6f626a65637473747265616d696e6974777261707065722062696e6172793d22323134333334313230383030303030306361316130303030663530663030303037383536333431323037303030303030313430313030303036353030363330303666303036633030366630303637303037393030356630303733303037343030363130303734303036353030303030303030303030303030303030303030303030303030303030303030303030303030303030303030303030303030303030303030303030303030303030303030303030303030303030303030303030303030303030303030303030303030303030303030303030303030303030303030303030303030303030303030303030303030303030303030303030303030303030303030303030303030303030303030303030303030303030303030303030303030303030303030303030303030303030303030303030303030303030303030303030303030303030303030303030303030303030303030303030303030303030303030303030303030303030303030303030303030303030303030303030303030303030303030303030303030303030303030303030303030303030303030303030303030303030303030303030303030303030303030303030303030303030303030303030303030303030303030303030303030303030303030303030303030303030303030303030303030303030303030303030303030303030303030303030303030303030303030303030303030303030303030303030303030303030303030303030303030303130303030303030353030303030303534303030303030326330303030303032633030303030303263303030303030333430303030303030303030303030303030303030303030383333333030303063313134303030303030303030303030326430313030303030373030303030303063303030303030303730303030303031633031303030303934306230303030373830393030303033383034303030303430303530303030613830333030303035343036303030306530303730303030626330343030303065303037303030306663303930303030643830363030303030303030303030303031303030303030636131613030303066353066303030303030303030303030303530303030303030353030303030303032303030303030303230303030303031633031303030303830306430303030303030303030303030313030303030303762313730303030393730393030303030303030303030303033303030303030303330303030303030323030303030303032303030303030316330313030303039343062303030303031303030303030303030303030303037623137303030306535303230303030303030303030303030303030303030303030303030303030303230303030303030323030303030303163303130303030393430623030303030303030303030303030303030303030616333653030303032363232303030303030303030303030303030303030303030643030303030303034303030303030303430303030303031633031303030303934306230303030623030643030303037303038303030303738353633343132303430303030303036343030303030303031303030303030303130303030303030623030303030303030303030303030303130303030303030323030303030303033303030303030303430303030303030353030303030303036303030303030303730303030303030383030303030303039303030303030306130303030303030343030303030303634303036323030366630303030303030653030303030303635303036333030366630303663303036663030363730303739303035663030373330303734303036313030373430303635303030303030222f3e3c2f636f6e74726f6c3e3c6c61796f75746f626a6563743e3c646473786d6c6f626a3e3c70726f7065727479206e616d653d224163746976655461626c65566965774d6f6465222076616c75653d22312220766172747970653d2238222f3e3c70726f7065727479206e616d653d225461626c65566965774d6f64653a30222076616c75653d22342c302c3238342c302c323936342c312c323432342c352c313632302220766172747970653d2238222f3e3c70726f7065727479206e616d653d225461626c65566965774d6f64653a31222076616c75653d22322c302c3238342c302c333435362220766172747970653d2238222f3e3c70726f7065727479206e616d653d225461626c65566965774d6f64653a32222076616c75653d22322c302c3238342c302c323936342220766172747970653d2238222f3e3c70726f7065727479206e616d653d225461626c65566965774d6f64653a33222076616c75653d22322c302c3238342c302c323936342220766172747970653d2238222f3e3c70726f7065727479206e616d653d225461626c65566965774d6f64653a34222076616c75653d22342c302c3238342c302c323936342c31322c333530342c31312c323136302220766172747970653d2238222f3e3c2f646473786d6c6f626a3e3c2f6c61796f75746f626a6563743e3c73686170652067726f7570736861706569643d2230222067726f75706e6f64653d2230222f3e3c2f646473636f6e74726f6c3e3c646473636f6e74726f6c2073656d616e746963636f6f6b69653d223031303032643030303130303030303036343030363230303666303030303030343630303462303035663030363530303633303036663030366330303666303036373030373930303566303037333030373430303631303037343030363530303566303036313030363930303732303035663030373030303666303036633030366330303735303037343030363930303666303036653030356630303633303036633030363130303733303037333030303030302220636f6e74726f6c70726f6769643d224d534444532e506f6c796c696e652e3038302e312220746f6f6c7469703d22d0a1d0b2d18fd0b7d18c202671756f743b464b5f65636f6c6f67795f73746174655f6169725f706f6c6c7574696f6e5f636c6173732671756f743b20d0bcd0b5d0b6d0b4d183202671756f743b6169725f706f6c6c7574696f6e5f636c6173732671756f743b20d0b8202671756f743b65636f6c6f67795f73746174652671756f743b22206c6566743d2231313230382220746f703d22323230393322206c6f676963616c69643d22362220636f6e74726f6c69643d223622206d617374657269643d2230222068696e74313d2230222068696e74323d2230222077696474683d223330343222206865696768743d2238313522206e6f726573697a653d223022206e6f6d6f76653d223022206e6f64656661756c74617474616368706f696e74733d223122206175746f647261673d2230222075736564656661756c7469646473686170653d2230222073656c65637461626c653d2231222073686f7773656c656374696f6e68616e646c65733d22302220616c6c6f776e756467696e673d223122206973616e6e6f746174696f6e3d22302220646f6e746175746f6c61796f75743d2230222067726f7570636f6c6c61707365643d2230222074616273746f703d2231222076697369626c653d22312220736e6170746f677269643d2230223e3c636f6e74726f6c3e3c646473786d6c6f626a3e3c706f6c796c696e6520656e64747970656473743d22302220656e64747970657372633d2232222075736572636f6c6f723d22313537393033323022206c696e657374796c653d223022206c696e6572656e6465723d22302220637573746f6d656e647479706564737469643d22302220637573746f6d656e647479706573726369643d2230222061646f726e7376697369626c653d2231223e3c61646f726e6d656e742070657263656e74706f733d2234392e393736363638323232313138352220636f6e74726f6c69643d2237222077696474683d223438363722206865696768743d223333392220736964653d223022206265686176696f723d2233222068696d65747269633d223132323022206469737466726f6d6c696e653d22313735222073746172746f626a3d22302220783d2231303239342220793d223231393836222076697369626c653d22302220616c6c6f776f7665726c61703d2231222075736570657263656e743d2231222f3e3c2f706f6c796c696e653e3c2f646473786d6c6f626a3e3c2f636f6e74726f6c3e3c6c61796f75746f626a6563743e3c646473786d6c6f626a2f3e3c2f6c61796f75746f626a6563743e3c636f6e6e6563746f7220736f7572636569643d223222206465737469643d22352220736f75726365617474616368706f696e743d223934222064657374617474616368706f696e743d2231313522207365676d656e74656469746d6f64653d2230222062656e64706f696e74656469746d6f64653d2230222062656e64706f696e747669736962696c6974793d2230222072656c6174656469643d223022207669727475616c3d2230223e3c706f696e7420783d2231333935302220793d223232353030222f3e3c706f696e7420783d2231313530382220793d223232353030222f3e3c2f636f6e6e6563746f723e3c2f646473636f6e74726f6c3e3c646473636f6e74726f6c2073656d616e746963636f6f6b69653d22303137653135323664303765313532362220636f6e74726f6c70726f6769643d224d534444532e546578742e3038302e3122206c6566743d2231303239342220746f703d22323139383622206c6f676963616c69643d22372220636f6e74726f6c69643d223722206d617374657269643d2236222068696e74313d2230222068696e74323d2230222077696474683d223438363722206865696768743d2233333922206e6f726573697a653d223122206e6f6d6f76653d223022206e6f64656661756c74617474616368706f696e74733d223122206175746f647261673d2231222075736564656661756c7469646473686170653d2231222073656c65637461626c653d2231222073686f7773656c656374696f6e68616e646c65733d22312220616c6c6f776e756467696e673d223122206973616e6e6f746174696f6e3d22302220646f6e746175746f6c61796f75743d2231222067726f7570636f6c6c61707365643d2230222074616273746f703d2230222076697369626c653d22302220736e6170746f677269643d2230223e3c636f6e74726f6c3e3c646473786d6c6f626a65637473747265616d696e6974777261707065722062696e6172793d223030303230303030303331333030303035333031303030303033303030303030303030303035303030303830303830303030383030313030303030303135303030316363303030303930303162303330303130303036353436313638366636643631323430303436303034623030356630303635303036333030366630303663303036663030363730303739303035663030373330303734303036313030373430303635303035663030363130303639303037323030356630303730303036663030366330303663303037353030373430303639303036663030366530303566303036333030366330303631303037333030373330303030303030303030222f3e3c2f636f6e74726f6c3e3c6c61796f75746f626a6563743e3c646473786d6c6f626a2f3e3c2f6c61796f75746f626a6563743e3c73686170652067726f7570736861706569643d2230222067726f75706e6f64653d2230222f3e3c2f646473636f6e74726f6c3e3c646473636f6e74726f6c20636f6e74726f6c70726f6769643d227b36323341433037352d324337372d343837332d383833442d3933304234333634423442437d2220746f6f6c7469703d22706f70756c6174696f6e22206c6566743d22302220746f703d223837303022206c6f676963616c69643d22382220636f6e74726f6c69643d223822206d617374657269643d2230222068696e74313d2230222068696e74323d2230222077696474683d223638353822206865696768743d223334393222206e6f726573697a653d223022206e6f6d6f76653d223022206e6f64656661756c74617474616368706f696e74733d223022206175746f647261673d2230222075736564656661756c7469646473686170653d2230222073656c65637461626c653d2231222073686f7773656c656374696f6e68616e646c65733d22302220616c6c6f776e756467696e673d223122206973616e6e6f746174696f6e3d22302220646f6e746175746f6c61796f75743d2230222067726f7570636f6c6c61707365643d2230222074616273746f703d2231222076697369626c653d22312220736e6170746f677269643d2231223e3c636f6e74726f6c3e3c646473786d6c6f626a65637473747265616d696e6974777261707065722062696e6172793d22323134333334313230383030303030306361316130303030613430643030303037383536333431323037303030303030313430313030303037303030366630303730303037353030366330303631303037343030363930303666303036653030303030303466336664376436353633666536653536353366303030303830336630303030383033666430636634663366643764363536336665366535363533663030303038303366303030303030303030303030303030303030303030303030303030303030303030303030303030303030303030303030303030303030303030303030303030303030303030303030303030303030303030303030303030303030303030303030303030303030303030303030303030303030303030303030303030303030303030303030303030303030303030303030303030303030303030303030303030303030303030303030303030303030303030303030303030303030303030303030303030303030303030303030303030303030303030303030303030303030303030303030303030303030303030303030303030303030303030303030303030303030303030303030303030303030303030303030303030303030303030303030303030303030303030303030303030303030303030303030303030303030303030303030303030303030303030303030303030303030303030303030303030303030303030303030303030303030303030303030303030303030303030303030303130303030303030353030303030303534303030303030326330303030303032633030303030303263303030303030333430303030303030303030303030303030303030303030383333333030303063313134303030303030303030303030326430313030303030373030303030303063303030303030303730303030303031633031303030303934306230303030373830393030303033383034303030303430303530303030613830333030303035343036303030306530303730303030626330343030303065303037303030306663303930303030643830363030303030303030303030303031303030303030636131613030303061343064303030303030303030303030303430303030303030343030303030303032303030303030303230303030303031633031303030303830306430303030303030303030303030313030303030303762313730303030356330373030303030303030303030303032303030303030303230303030303030323030303030303032303030303030316330313030303039343062303030303031303030303030303030303030303037623137303030306535303230303030303030303030303030303030303030303030303030303030303230303030303030323030303030303163303130303030393430623030303030303030303030303030303030303030616333653030303032363232303030303030303030303030303030303030303030643030303030303034303030303030303430303030303031633031303030303934306230303030623030643030303037303038303030303738353633343132303430303030303035653030303030303031303030303030303130303030303030623030303030303030303030303030303130303030303030323030303030303033303030303030303430303030303030353030303030303036303030303030303730303030303030383030303030303039303030303030306130303030303030343030303030303634303036323030366630303030303030623030303030303730303036663030373030303735303036633030363130303734303036393030366630303665303030303030222f3e3c2f636f6e74726f6c3e3c6c61796f75746f626a6563743e3c646473786d6c6f626a3e3c70726f7065727479206e616d653d224163746976655461626c65566965774d6f6465222076616c75653d22312220766172747970653d2238222f3e3c70726f7065727479206e616d653d225461626c65566965774d6f64653a30222076616c75653d22342c302c3238342c302c323936342c312c323432342c352c313632302220766172747970653d2238222f3e3c70726f7065727479206e616d653d225461626c65566965774d6f64653a31222076616c75653d22322c302c3238342c302c333435362220766172747970653d2238222f3e3c70726f7065727479206e616d653d225461626c65566965774d6f64653a32222076616c75653d22322c302c3238342c302c323936342220766172747970653d2238222f3e3c70726f7065727479206e616d653d225461626c65566965774d6f64653a33222076616c75653d22322c302c3238342c302c323936342220766172747970653d2238222f3e3c70726f7065727479206e616d653d225461626c65566965774d6f64653a34222076616c75653d22342c302c3238342c302c323936342c31322c333530342c31312c323136302220766172747970653d2238222f3e3c2f646473786d6c6f626a3e3c2f6c61796f75746f626a6563743e3c73686170652067726f7570736861706569643d2230222067726f75706e6f64653d2230222f3e3c2f646473636f6e74726f6c3e3c646473636f6e74726f6c2073656d616e746963636f6f6b69653d2230313466393835303031303030303030363430303632303036663030303030303436303034623030356630303164303433303034343130343335303433623034333530343364303433383034333530343566303032313034336530343431303434323034333030343332303432303030336430343330303434313034333530343362303433353034336430343338303434663034303030302220636f6e74726f6c70726f6769643d224d534444532e506f6c796c696e652e3038302e312220746f6f6c7469703d22d0a1d0b2d18fd0b7d18c202671756f743b464b5fd09dd0b0d181d0b5d0bbd0b5d0bdd0b8d0b55fd0a1d0bed181d182d0b0d0b220d0bdd0b0d181d0b5d0bbd0b5d0bdd0b8d18f2671756f743b20d0bcd0b5d0b6d0b4d183202671756f743b636f6d706f736974696f6e5f6f665f706f70756c6174696f6e2671756f743b20d0b8202671756f743b706f70756c6174696f6e2671756f743b22206c6566743d22333034332220746f703d22313134393322206c6f676963616c69643d22392220636f6e74726f6c69643d223922206d617374657269643d2230222068696e74313d2230222068696e74323d2230222077696474683d2238313522206865696768743d223337353322206e6f726573697a653d223022206e6f6d6f76653d223022206e6f64656661756c74617474616368706f696e74733d223122206175746f647261673d2230222075736564656661756c7469646473686170653d2230222073656c65637461626c653d2231222073686f7773656c656374696f6e68616e646c65733d22302220616c6c6f776e756467696e673d223122206973616e6e6f746174696f6e3d22302220646f6e746175746f6c61796f75743d2230222067726f7570636f6c6c61707365643d2230222074616273746f703d2231222076697369626c653d22312220736e6170746f677269643d2230223e3c636f6e74726f6c3e3c646473786d6c6f626a3e3c706f6c796c696e6520656e64747970656473743d22302220656e64747970657372633d2232222075736572636f6c6f723d22313537393033323022206c696e657374796c653d223022206c696e6572656e6465723d22302220637573746f6d656e647479706564737469643d22302220637573746f6d656e647479706573726369643d2230222061646f726e7376697369626c653d2231223e3c61646f726e6d656e742070657263656e74706f733d2234392e363431353737303630393331392220636f6e74726f6c69643d223130222077696474683d223435363822206865696768743d223333392220736964653d223022206265686176696f723d2233222068696d65747269633d223131373022206469737466726f6d6c696e653d22313735222073746172746f626a3d22302220783d22333632352220793d223133323039222076697369626c653d22302220616c6c6f776f7665726c61703d2231222075736570657263656e743d2231222f3e3c2f706f6c796c696e653e3c2f646473786d6c6f626a3e3c2f636f6e74726f6c3e3c6c61796f75746f626a6563743e3c646473786d6c6f626a2f3e3c2f6c61796f75746f626a6563743e3c636f6e6e6563746f7220736f7572636569643d223422206465737469643d22382220736f75726365617474616368706f696e743d223434222064657374617474616368706f696e743d22343522207365676d656e74656469746d6f64653d2230222062656e64706f696e74656469746d6f64653d2230222062656e64706f696e747669736962696c6974793d2230222072656c6174656469643d223022207669727475616c3d2230223e3c706f696e7420783d22333435302220793d223134353530222f3e3c706f696e7420783d22333435302220793d223132313932222f3e3c2f636f6e6e6563746f723e3c2f646473636f6e74726f6c3e3c646473636f6e74726f6c2073656d616e746963636f6f6b69653d22303137623135323664303762313532362220636f6e74726f6c70726f6769643d224d534444532e546578742e3038302e3122206c6566743d22333632352220746f703d22313332303922206c6f676963616c69643d2231302220636f6e74726f6c69643d22313022206d617374657269643d2239222068696e74313d2230222068696e74323d2230222077696474683d223435363822206865696768743d2233333922206e6f726573697a653d223122206e6f6d6f76653d223022206e6f64656661756c74617474616368706f696e74733d223122206175746f647261673d2231222075736564656661756c7469646473686170653d2231222073656c65637461626c653d2231222073686f7773656c656374696f6e68616e646c65733d22312220616c6c6f776e756467696e673d223122206973616e6e6f746174696f6e3d22302220646f6e746175746f6c61796f75743d2231222067726f7570636f6c6c61707365643d2230222074616273746f703d2230222076697369626c653d22302220736e6170746f677269643d2230223e3c636f6e74726f6c3e3c646473786d6c6f626a65637473747265616d696e6974777261707065722062696e6172793d2230303032303030306438313130303030353330313030303030333030303030303030303030353030303038303038303030303830303130303030303031353030303163633030303039303031623033303031303030363534363136383666366436313164303034363030346230303566303031643034333030343431303433353034336230343335303433643034333830343335303435663030323130343365303434313034343230343330303433323034323030303364303433303034343130343335303433623034333530343364303433383034346630343030303030303030222f3e3c2f636f6e74726f6c3e3c6c61796f75746f626a6563743e3c646473786d6c6f626a2f3e3c2f6c61796f75746f626a6563743e3c73686170652067726f7570736861706569643d2230222067726f75706e6f64653d2230222f3e3c2f646473636f6e74726f6c3e3c646473636f6e74726f6c20636f6e74726f6c70726f6769643d227b36323341433037352d324337372d343837332d383833442d3933304234333634423442437d2220746f6f6c7469703d2270726563697069746174696f6e22206c6566743d2233313935302220746f703d22313633353022206c6f676963616c69643d2231312220636f6e74726f6c69643d22313122206d617374657269643d2230222068696e74313d2230222068696e74323d2230222077696474683d223634313322206865696768743d223137313422206e6f726573697a653d223022206e6f6d6f76653d223022206e6f64656661756c74617474616368706f696e74733d223022206175746f647261673d2230222075736564656661756c7469646473686170653d2230222073656c65637461626c653d2231222073686f7773656c656374696f6e68616e646c65733d22302220616c6c6f776e756467696e673d223122206973616e6e6f746174696f6e3d22302220646f6e746175746f6c61796f75743d2230222067726f7570636f6c6c61707365643d2230222074616273746f703d2231222076697369626c653d22312220736e6170746f677269643d2231223e3c636f6e74726f6c3e3c646473786d6c6f626a65637473747265616d696e6974777261707065722062696e6172793d22323134333334313230383030303030303064313930303030623230363030303037383536333431323037303030303030313430313030303037303030373230303635303036333030363930303730303036393030373430303631303037343030363930303666303036653030303030306435643464343365303030303830336639613939313933666435643435343365393339323932336564356434643433653030303038303366303030303830336661356134323433656535653436343365616261616161336530303030383033663030303030303030303030303030303030303030303030303030303030303030303030303030303030303030303030303030303030303030303030303030303030303030303030303030303030303030303030303030303030303030303030303030303030303030303030303030303030303030303030303030303030303030303030303030303030303030303030303030303030303030303030303030303030303030303030303030303030303030303030303030303030303030303030303030303030303030303030303030303030303030303030303030303030303030303030303030303030303030303030303030303030303030303030303030303030303030303030303030303030303030303030303030303030303030303030303030303030303030303030303030303030303030303030303030303030303030303030303030303030303030303030303030303030303030303130303030303030353030303030303534303030303030326330303030303032633030303030303263303030303030333430303030303030303030303030303030303030303030383333333030303063313134303030303030303030303030326430313030303030373030303030303063303030303030303730303030303031633031303030303934306230303030373830393030303033383034303030303430303530303030613830333030303035343036303030306530303730303030626330343030303065303037303030306663303930303030643830363030303030303030303030303031303030303030306431393030303062323036303030303030303030303030303130303030303030313030303030303032303030303030303230303030303031633031303030303834306330303030303030303030303030313030303030303762313730303030323030353030303030303030303030303031303030303030303130303030303030323030303030303032303030303030316330313030303039343062303030303031303030303030303030303030303037623137303030306535303230303030303030303030303030303030303030303030303030303030303230303030303030323030303030303163303130303030393430623030303030303030303030303030303030303030616333653030303032363232303030303030303030303030303030303030303030643030303030303034303030303030303430303030303031633031303030303934306230303030623030643030303037303038303030303738353633343132303430303030303036343030303030303031303030303030303130303030303030623030303030303030303030303030303130303030303030323030303030303033303030303030303430303030303030353030303030303036303030303030303730303030303030383030303030303039303030303030306130303030303030343030303030303634303036323030366630303030303030653030303030303730303037323030363530303633303036393030373030303639303037343030363130303734303036393030366630303665303030303030222f3e3c2f636f6e74726f6c3e3c6c61796f75746f626a6563743e3c646473786d6c6f626a3e3c70726f7065727479206e616d653d224163746976655461626c65566965774d6f6465222076616c75653d22312220766172747970653d2238222f3e3c70726f7065727479206e616d653d225461626c65566965774d6f64653a30222076616c75653d22342c302c3238342c302c323936342c312c323432342c352c313632302220766172747970653d2238222f3e3c70726f7065727479206e616d653d225461626c65566965774d6f64653a31222076616c75653d22322c302c3238342c302c333230342220766172747970653d2238222f3e3c70726f7065727479206e616d653d225461626c65566965774d6f64653a32222076616c75653d22322c302c3238342c302c323936342220766172747970653d2238222f3e3c70726f7065727479206e616d653d225461626c65566965774d6f64653a33222076616c75653d22322c302c3238342c302c323936342220766172747970653d2238222f3e3c70726f7065727479206e616d653d225461626c65566965774d6f64653a34222076616c75653d22342c302c3238342c302c323936342c31322c333530342c31312c323136302220766172747970653d2238222f3e3c2f646473786d6c6f626a3e3c2f6c61796f75746f626a6563743e3c73686170652067726f7570736861706569643d2230222067726f75706e6f64653d2230222f3e3c2f646473636f6e74726f6c3e3c646473636f6e74726f6c20636f6e74726f6c70726f6769643d227b36323341433037352d324337372d343837332d383833442d3933304234333634423442437d2220746f6f6c7469703d22726567696f6e22206c6566743d22393330302220746f703d223939303022206c6f676963616c69643d2231322220636f6e74726f6c69643d22313222206d617374657269643d2230222068696e74313d2230222068696e74323d2230222077696474683d223638353822206865696768743d223532373022206e6f726573697a653d223022206e6f6d6f76653d223022206e6f64656661756c74617474616368706f696e74733d223022206175746f647261673d2230222075736564656661756c7469646473686170653d2230222073656c65637461626c653d2231222073686f7773656c656374696f6e68616e646c65733d22302220616c6c6f776e756467696e673d223122206973616e6e6f746174696f6e3d22302220646f6e746175746f6c61796f75743d2230222067726f7570636f6c6c61707365643d2230222074616273746f703d2231222076697369626c653d22312220736e6170746f677269643d2231223e3c636f6e74726f6c3e3c646473786d6c6f626a65637473747265616d696e6974777261707065722062696e6172793d223231343333343132303830303030303063613161303030303936313430303030373835363334313230373030303030303134303130303030373230303635303036373030363930303666303036653030303030303830336630303030303033663030303038303366663366323732336639653964316433663030303038303366303030303030336630303030383033666633663237323366396539643164336630303030383033663030303038303366303030303830336666336632373233663965396431643366303030303830336630303030303030303031303030303030303130303030303030303030303030303030303030303030303030303030303030303030303030303030303030303030303030303030303030303030303030303030303030303030303030303030303030303030303030303030303030303030303030303030303030303030663033663030303030303030303030303030303066383136636235393030303030303030303030303030303066343137636235393230623363623539323830343136333432383034313633343032303030303030303230303030303030303030303030303030303030303030303030303030303030303030303030303032303030303030303030303030303063646363636333663030303030303030636463636163343130303030613063316364636363633366303030303030303030303030303030303030303030303030303030303030303030303030303030303031303030303030303530303030303035343030303030303263303030303030326330303030303032633030303030303334303030303030303030303030303030303030303030303833333330303030333831393030303030303030303030303264303130303030303930303030303030633030303030303037303030303030316330313030303039343062303030303738303930303030333830343030303034303035303030306138303330303030353430363030303065303037303030306263303430303030653030373030303066633039303030306438303630303030303030303030303030313030303030306361316130303030393631343030303030303030303030303037303030303030303730303030303030323030303030303032303030303030316330313030303038303064303030303030303030303030303130303030303037623137303030306433306230303030303030303030303030343030303030303034303030303030303230303030303030323030303030303163303130303030393430623030303030313030303030303030303030303030376231373030303065353032303030303030303030303030303030303030303030303030303030303032303030303030303230303030303031633031303030303934306230303030303030303030303030303030303030306163336530303030323632323030303030303030303030303030303030303030306430303030303030343030303030303034303030303030316330313030303039343062303030306230306430303030373030383030303037383536333431323034303030303030353630303030303030313030303030303031303030303030306230303030303030303030303030303031303030303030303230303030303030333030303030303034303030303030303530303030303030363030303030303037303030303030303830303030303030393030303030303061303030303030303430303030303036343030363230303666303030303030303730303030303037323030363530303637303036393030366630303665303030303030222f3e3c2f636f6e74726f6c3e3c6c61796f75746f626a6563743e3c646473786d6c6f626a3e3c70726f7065727479206e616d653d224163746976655461626c65566965774d6f6465222076616c75653d22312220766172747970653d2238222f3e3c70726f7065727479206e616d653d225461626c65566965774d6f64653a30222076616c75653d22342c302c3238342c302c323936342c312c323432342c352c313632302220766172747970653d2238222f3e3c70726f7065727479206e616d653d225461626c65566965774d6f64653a31222076616c75653d22322c302c3238342c302c333435362220766172747970653d2238222f3e3c70726f7065727479206e616d653d225461626c65566965774d6f64653a32222076616c75653d22322c302c3238342c302c323936342220766172747970653d2238222f3e3c70726f7065727479206e616d653d225461626c65566965774d6f64653a33222076616c75653d22322c302c3238342c302c323936342220766172747970653d2238222f3e3c70726f7065727479206e616d653d225461626c65566965774d6f64653a34222076616c75653d22342c302c3238342c302c323936342c31322c333530342c31312c323136302220766172747970653d2238222f3e3c2f646473786d6c6f626a3e3c2f6c61796f75746f626a6563743e3c73686170652067726f7570736861706569643d2230222067726f75706e6f64653d2230222f3e3c2f646473636f6e74726f6c3e3c646473636f6e74726f6c2073656d616e746963636f6f6b69653d2230313466393835303031303030303030363430303632303036663030303030303436303034623030356630303732303036353030363730303639303036663030366530303566303036353030363330303666303036633030366630303637303037393030356630303733303037343030363130303734303036353030303030302220636f6e74726f6c70726f6769643d224d534444532e506f6c796c696e652e3038302e312220746f6f6c7469703d22d0a1d0b2d18fd0b7d18c202671756f743b464b5f726567696f6e5f65636f6c6f67795f73746174652671756f743b20d0bcd0b5d0b6d0b4d183202671756f743b65636f6c6f67795f73746174652671756f743b20d0b8202671756f743b726567696f6e2671756f743b22206c6566743d22373639332220746f703d22313434373122206c6f676963616c69643d2231332220636f6e74726f6c69643d22313322206d617374657269643d2230222068696e74313d2230222068696e74323d2230222077696474683d223534333722206865696768743d223636323522206e6f726573697a653d223022206e6f6d6f76653d223022206e6f64656661756c74617474616368706f696e74733d223122206175746f647261673d2230222075736564656661756c7469646473686170653d2230222073656c65637461626c653d2231222073686f7773656c656374696f6e68616e646c65733d22302220616c6c6f776e756467696e673d223122206973616e6e6f746174696f6e3d22302220646f6e746175746f6c61796f75743d2230222067726f7570636f6c6c61707365643d2230222074616273746f703d2231222076697369626c653d22312220736e6170746f677269643d2230223e3c636f6e74726f6c3e3c646473786d6c6f626a3e3c706f6c796c696e6520656e64747970656473743d22302220656e64747970657372633d2232222075736572636f6c6f723d22313537393033323022206c696e657374796c653d223022206c696e6572656e6465723d22302220637573746f6d656e647479706564737469643d22302220637573746f6d656e647479706573726369643d2230222061646f726e7376697369626c653d2231223e3c61646f726e6d656e742070657263656e74706f733d2234392e393231363731303138323736382220636f6e74726f6c69643d223134222077696474683d223332373622206865696768743d223333392220736964653d223022206265686176696f723d2233222068696d65747269633d223439333222206469737466726f6d6c696e653d22313735222073746172746f626a3d22302220783d2231313230382220793d223138353736222076697369626c653d22302220616c6c6f776f7665726c61703d2231222075736570657263656e743d2231222f3e3c2f706f6c796c696e653e3c2f646473786d6c6f626a3e3c2f636f6e74726f6c3e3c6c61796f75746f626a6563743e3c646473786d6c6f626a2f3e3c2f6c61796f75746f626a6563743e3c636f6e6e6563746f7220736f7572636569643d223522206465737469643d2231322220736f75726365617474616368706f696e743d223434222064657374617474616368706f696e743d22343522207365676d656e74656469746d6f64653d2230222062656e64706f696e74656469746d6f64653d2230222062656e64706f696e747669736962696c6974793d2230222072656c6174656469643d223022207669727475616c3d2230223e3c706f696e7420783d22383130302220793d223230343030222f3e3c706f696e7420783d22383130302220793d223138343031222f3e3c706f696e7420783d2231323735302220793d223138343031222f3e3c706f696e7420783d2231323735302220793d223135313730222f3e3c2f636f6e6e6563746f723e3c2f646473636f6e74726f6c3e3c646473636f6e74726f6c2073656d616e746963636f6f6b69653d22303138303135323664303830313532362220636f6e74726f6c70726f6769643d224d534444532e546578742e3038302e3122206c6566743d2231313230382220746f703d22313835373622206c6f676963616c69643d2231342220636f6e74726f6c69643d22313422206d617374657269643d223133222068696e74313d2230222068696e74323d2230222077696474683d223332373622206865696768743d2233333922206e6f726573697a653d223122206e6f6d6f76653d223022206e6f64656661756c74617474616368706f696e74733d223122206175746f647261673d2231222075736564656661756c7469646473686170653d2231222073656c65637461626c653d2231222073686f7773656c656374696f6e68616e646c65733d22312220616c6c6f776e756467696e673d223122206973616e6e6f746174696f6e3d22302220646f6e746175746f6c61796f75743d2231222067726f7570636f6c6c61707365643d2230222074616273746f703d2230222076697369626c653d22302220736e6170746f677269643d2230223e3c636f6e74726f6c3e3c646473786d6c6f626a65637473747265616d696e6974777261707065722062696e6172793d2230303032303030306363306330303030353330313030303030333030303030303030303030353030303038303038303030303830303130303030303031353030303163633030303039303031623033303031303030363534363136383666366436313137303034363030346230303566303037323030363530303637303036393030366630303665303035663030363530303633303036663030366330303666303036373030373930303566303037333030373430303631303037343030363530303030303030303030222f3e3c2f636f6e74726f6c3e3c6c61796f75746f626a6563743e3c646473786d6c6f626a2f3e3c2f6c61796f75746f626a6563743e3c73686170652067726f7570736861706569643d2230222067726f75706e6f64653d2230222f3e3c2f646473636f6e74726f6c3e3c646473636f6e74726f6c2073656d616e746963636f6f6b69653d22303139333666373330313030303030303634303036323030366630303030303034363030346230303566303032303034333530343333303433383034336530343364303435663030316430343330303434313034333530343362303433353034336430343338303433353034303030302220636f6e74726f6c70726f6769643d224d534444532e506f6c796c696e652e3038302e312220746f6f6c7469703d22d0a1d0b2d18fd0b7d18c202671756f743b464b5fd0a0d0b5d0b3d0b8d0bed0bd5fd09dd0b0d181d0b5d0bbd0b5d0bdd0b8d0b52671756f743b20d0bcd0b5d0b6d0b4d183202671756f743b706f70756c6174696f6e2671756f743b20d0b8202671756f743b726567696f6e2671756f743b22206c6566743d22363535382220746f703d22313030393322206c6f676963616c69643d2231352220636f6e74726f6c69643d22313522206d617374657269643d2230222068696e74313d2230222068696e74323d2230222077696474683d223330343222206865696768743d2238313522206e6f726573697a653d223022206e6f6d6f76653d223022206e6f64656661756c74617474616368706f696e74733d223122206175746f647261673d2230222075736564656661756c7469646473686170653d2230222073656c65637461626c653d2231222073686f7773656c656374696f6e68616e646c65733d22302220616c6c6f776e756467696e673d223122206973616e6e6f746174696f6e3d22302220646f6e746175746f6c61796f75743d2230222067726f7570636f6c6c61707365643d2230222074616273746f703d2231222076697369626c653d22312220736e6170746f677269643d2230223e3c636f6e74726f6c3e3c646473786d6c6f626a3e3c706f6c796c696e6520656e64747970656473743d22302220656e64747970657372633d2232222075736572636f6c6f723d22313537393033323022206c696e657374796c653d223022206c696e6572656e6465723d22302220637573746f6d656e647479706564737469643d22302220637573746f6d656e647479706573726369643d2230222061646f726e7376697369626c653d2231223e3c61646f726e6d656e742070657263656e74706f733d2234392e323634373035383832333532392220636f6e74726f6c69643d223136222077696474683d223330323222206865696768743d223333392220736964653d223022206265686176696f723d2233222068696d65747269633d223132303322206469737466726f6d6c696e653d22313735222073746172746f626a3d22302220783d22363537322220793d223130363735222076697369626c653d22302220616c6c6f776f7665726c61703d2231222075736570657263656e743d2231222f3e3c2f706f6c796c696e653e3c2f646473786d6c6f626a3e3c2f636f6e74726f6c3e3c6c61796f75746f626a6563743e3c646473786d6c6f626a2f3e3c2f6c61796f75746f626a6563743e3c636f6e6e6563746f7220736f7572636569643d223822206465737469643d2231322220736f75726365617474616368706f696e743d22313131222064657374617474616368706f696e743d22393422207365676d656e74656469746d6f64653d2230222062656e64706f696e74656469746d6f64653d2230222062656e64706f696e747669736962696c6974793d2230222072656c6174656469643d223022207669727475616c3d2230223e3c706f696e7420783d22363835382220793d223130353030222f3e3c706f696e7420783d22393330302220793d223130353030222f3e3c2f636f6e6e6563746f723e3c2f646473636f6e74726f6c3e3c646473636f6e74726f6c2073656d616e746963636f6f6b69653d22303166363836323530386636383632352220636f6e74726f6c70726f6769643d224d534444532e546578742e3038302e3122206c6566743d22363537322220746f703d22313036373522206c6f676963616c69643d2231362220636f6e74726f6c69643d22313622206d617374657269643d223135222068696e74313d2230222068696e74323d2230222077696474683d223330323222206865696768743d2233333922206e6f726573697a653d223122206e6f6d6f76653d223022206e6f64656661756c74617474616368706f696e74733d223122206175746f647261673d2231222075736564656661756c7469646473686170653d2231222073656c65637461626c653d2231222073686f7773656c656374696f6e68616e646c65733d22312220616c6c6f776e756467696e673d223122206973616e6e6f746174696f6e3d22302220646f6e746175746f6c61796f75743d2231222067726f7570636f6c6c61707365643d2230222074616273746f703d2230222076697369626c653d22302220736e6170746f677269643d2230223e3c636f6e74726f6c3e3c646473786d6c6f626a65637473747265616d696e6974777261707065722062696e6172793d22303030323030303063653062303030303533303130303030303330303030303030303030303530303030383030383030303038303031303030303030313530303031636330303030393030316230333030313030303635343631363836663664363131333030343630303462303035663030323030343335303433333034333830343365303433643034356630303164303433303034343130343335303433623034333530343364303433383034333530343030303030303030222f3e3c2f636f6e74726f6c3e3c6c61796f75746f626a6563743e3c646473786d6c6f626a2f3e3c2f6c61796f75746f626a6563743e3c73686170652067726f7570736861706569643d2230222067726f75706e6f64653d2230222f3e3c2f646473636f6e74726f6c3e3c646473636f6e74726f6c20636f6e74726f6c70726f6769643d227b36323341433037352d324337372d343837332d383833442d3933304234333634423442437d2220746f6f6c7469703d22736f696c5f65726f73696f6e5f696e64696361746f7222206c6566743d22343830302220746f703d22323730303022206c6f676963616c69643d2231372220636f6e74726f6c69643d22313722206d617374657269643d2230222068696e74313d2230222068696e74323d2230222077696474683d223634313322206865696768743d223137313422206e6f726573697a653d223022206e6f6d6f76653d223022206e6f64656661756c74617474616368706f696e74733d223022206175746f647261673d2230222075736564656661756c7469646473686170653d2230222073656c65637461626c653d2231222073686f7773656c656374696f6e68616e646c65733d22302220616c6c6f776e756467696e673d223122206973616e6e6f746174696f6e3d22302220646f6e746175746f6c61796f75743d2230222067726f7570636f6c6c61707365643d2230222074616273746f703d2231222076697369626c653d22312220736e6170746f677269643d2231223e3c636f6e74726f6c3e3c646473786d6c6f626a65637473747265616d696e6974777261707065722062696e6172793d22323134333334313230383030303030303064313930303030623230363030303037383536333431323037303030303030313430313030303037333030366630303639303036633030356630303635303037323030366630303733303036393030366630303665303035663030363930303665303036343030363930303633303036313030373430303666303037323030303030306666666666666666666666666666666666666666666666666666666666666666666666666666666666666666666666666666666666666666666666666666666666666666666666666666666666666666666666666666666666666666666666666666666666666666666666666666666666666666666666666666666666666666666666666666666666666666666666666666666666666666666666666666666666666666666666666666666666666666666666666666666666666666666666666666666666666666666666666666666666666666666666666666666666666666666666666666666666666666666666666666666666666666666666666666666666666666666666666666666666666666666666666666666666666666666666666666666666666666666666666666666666666666666666666666666666666666666666666666666666666666666666666666666666666666666666666666666666666666666666666666666666666666666666666666666666666666666666663030303030303030303030303030303030303030303130303030303030353030303030303534303030303030326330303030303032633030303030303263303030303030333430303030303030303030303030303030303030303030383333333030303063313134303030303030303030303030326430313030303030373030303030303063303030303030303730303030303031633031303030303934306230303030373830393030303033383034303030303430303530303030613830333030303035343036303030306530303730303030626330343030303065303037303030306663303930303030643830363030303030303030303030303031303030303030306431393030303062323036303030303030303030303030303130303030303030313030303030303032303030303030303230303030303031633031303030303834306330303030303030303030303030313030303030303762313730303030323030353030303030303030303030303031303030303030303130303030303030323030303030303032303030303030316330313030303039343062303030303031303030303030303030303030303037623137303030306535303230303030303030303030303030303030303030303030303030303030303230303030303030323030303030303163303130303030393430623030303030303030303030303030303030303030616333653030303032363232303030303030303030303030303030303030303030643030303030303034303030303030303430303030303031633031303030303934306230303030623030643030303037303038303030303738353633343132303430303030303037363030303030303031303030303030303130303030303030623030303030303030303030303030303130303030303030323030303030303033303030303030303430303030303030353030303030303036303030303030303730303030303030383030303030303039303030303030306130303030303030343030303030303634303036323030366630303030303031373030303030303733303036663030363930303663303035663030363530303732303036663030373330303639303036663030366530303566303036393030366530303634303036393030363330303631303037343030366630303732303030303030222f3e3c2f636f6e74726f6c3e3c6c61796f75746f626a6563743e3c646473786d6c6f626a3e3c70726f7065727479206e616d653d224163746976655461626c65566965774d6f6465222076616c75653d22312220766172747970653d2238222f3e3c70726f7065727479206e616d653d225461626c65566965774d6f64653a30222076616c75653d22342c302c3238342c302c323936342c312c323432342c352c313632302220766172747970653d2238222f3e3c70726f7065727479206e616d653d225461626c65566965774d6f64653a31222076616c75653d22322c302c3238342c302c333230342220766172747970653d2238222f3e3c70726f7065727479206e616d653d225461626c65566965774d6f64653a32222076616c75653d22322c302c3238342c302c323936342220766172747970653d2238222f3e3c70726f7065727479206e616d653d225461626c65566965774d6f64653a33222076616c75653d22322c302c3238342c302c323936342220766172747970653d2238222f3e3c70726f7065727479206e616d653d225461626c65566965774d6f64653a34222076616c75653d22342c302c3238342c302c323936342c31322c333530342c31312c323136302220766172747970653d2238222f3e3c2f646473786d6c6f626a3e3c2f6c61796f75746f626a6563743e3c73686170652067726f7570736861706569643d2230222067726f75706e6f64653d2230222f3e3c2f646473636f6e74726f6c3e3c646473636f6e74726f6c2073656d616e746963636f6f6b69653d2230313965373137393031303030303030363430303632303036663030303030303436303034623030356630303264303433613034336530343362303433653034333330343338303434663034356630303166303433653034336130343330303433373034333030343432303433353034336230343463303432303030346430343430303433653034333730343338303433383034323030303366303433653034343730343332303434623034303030302220636f6e74726f6c70726f6769643d224d534444532e506f6c796c696e652e3038302e312220746f6f6c7469703d22d0a1d0b2d18fd0b7d18c202671756f743b464b5fd0add0bad0bed0bbd0bed0b3d0b8d18f5fd09fd0bed0bad0b0d0b7d0b0d182d0b5d0bbd18c20d18dd180d0bed0b7d0b8d0b820d0bfd0bed187d0b2d18b2671756f743b20d0bcd0b5d0b6d0b4d183202671756f743b736f696c5f65726f73696f6e5f696e64696361746f722671756f743b20d0b8202671756f743b65636f6c6f67795f73746174652671756f743b22206c6566743d22373639332220746f703d22323337383622206c6f676963616c69643d2231382220636f6e74726f6c69643d22313822206d617374657269643d2230222068696e74313d2230222068696e74323d2230222077696474683d2238313522206865696768743d223339313022206e6f726573697a653d223022206e6f6d6f76653d223022206e6f64656661756c74617474616368706f696e74733d223122206175746f647261673d2230222075736564656661756c7469646473686170653d2230222073656c65637461626c653d2231222073686f7773656c656374696f6e68616e646c65733d22302220616c6c6f776e756467696e673d223122206973616e6e6f746174696f6e3d22302220646f6e746175746f6c61796f75743d2230222067726f7570636f6c6c61707365643d2230222074616273746f703d2231222076697369626c653d22312220736e6170746f677269643d2230223e3c636f6e74726f6c3e3c646473786d6c6f626a3e3c706f6c796c696e6520656e64747970656473743d22302220656e64747970657372633d2232222075736572636f6c6f723d22313537393033323022206c696e657374796c653d223022206c696e6572656e6465723d22302220637573746f6d656e647479706564737469643d22302220637573746f6d656e647479706573726369643d2230222061646f726e7376697369626c653d2231223e3c61646f726e6d656e742070657263656e74706f733d2236342e353534323830363730373835352220636f6e74726f6c69643d223139222077696474683d223534323122206865696768743d223333392220736964653d223022206265686176696f723d2233222068696d65747269633d223136323322206469737466726f6d6c696e653d22313735222073746172746f626a3d22302220783d22383237352220793d223235323536222076697369626c653d22302220616c6c6f776f7665726c61703d2231222075736570657263656e743d2231222f3e3c2f706f6c796c696e653e3c2f646473786d6c6f626a3e3c2f636f6e74726f6c3e3c6c61796f75746f626a6563743e3c646473786d6c6f626a2f3e3c2f6c61796f75746f626a6563743e3c636f6e6e6563746f7220736f7572636569643d22313722206465737469643d22352220736f75726365617474616368706f696e743d223432222064657374617474616368706f696e743d22343522207365676d656e74656469746d6f64653d2230222062656e64706f696e74656469746d6f64653d2230222062656e64706f696e747669736962696c6974793d2230222072656c6174656469643d223022207669727475616c3d2230223e3c706f696e7420783d22383130302220793d223237303030222f3e3c706f696e7420783d22383130302220793d223234343835222f3e3c2f636f6e6e6563746f723e3c2f646473636f6e74726f6c3e3c646473636f6e74726f6c2073656d616e746963636f6f6b69653d22303166343836323563386634383632352220636f6e74726f6c70726f6769643d224d534444532e546578742e3038302e3122206c6566743d22383237352220746f703d22323532353622206c6f676963616c69643d2231392220636f6e74726f6c69643d22313922206d617374657269643d223138222068696e74313d2230222068696e74323d2230222077696474683d223534323122206865696768743d2233333922206e6f726573697a653d223122206e6f6d6f76653d223022206e6f64656661756c74617474616368706f696e74733d223122206175746f647261673d2231222075736564656661756c7469646473686170653d2231222073656c65637461626c653d2231222073686f7773656c656374696f6e68616e646c65733d22312220616c6c6f776e756467696e673d223122206973616e6e6f746174696f6e3d22302220646f6e746175746f6c61796f75743d2231222067726f7570636f6c6c61707365643d2230222074616273746f703d2230222076697369626c653d22302220736e6170746f677269643d2230223e3c636f6e74726f6c3e3c646473786d6c6f626a65637473747265616d696e6974777261707065722062696e6172793d2230303032303030303264313530303030353330313030303030333030303030303030303030353030303038303038303030303830303130303030303031353030303163633030303039303031623033303031303030363534363136383666366436313233303034363030346230303566303032643034336130343365303433623034336530343333303433383034346630343566303031663034336530343361303433303034333730343330303434323034333530343362303434633034323030303464303434303034336530343337303433383034333830343230303033663034336530343437303433323034346230343030303030303030222f3e3c2f636f6e74726f6c3e3c6c61796f75746f626a6563743e3c646473786d6c6f626a2f3e3c2f6c61796f75746f626a6563743e3c73686170652067726f7570736861706569643d2230222067726f75706e6f64653d2230222f3e3c2f646473636f6e74726f6c3e3c646473636f6e74726f6c20636f6e74726f6c70726f6769643d227b36323341433037352d324337372d343837332d383833442d3933304234333634423442437d2220746f6f6c7469703d22747970655f6f665f726567696f6e22206c6566743d22393435302220746f703d223537303022206c6f676963616c69643d2232302220636f6e74726f6c69643d22323022206d617374657269643d2230222068696e74313d2230222068696e74323d2230222077696474683d223634313322206865696768743d223137313422206e6f726573697a653d223022206e6f6d6f76653d223022206e6f64656661756c74617474616368706f696e74733d223022206175746f647261673d2230222075736564656661756c7469646473686170653d2230222073656c65637461626c653d2231222073686f7773656c656374696f6e68616e646c65733d22302220616c6c6f776e756467696e673d223122206973616e6e6f746174696f6e3d22302220646f6e746175746f6c61796f75743d2230222067726f7570636f6c6c61707365643d2230222074616273746f703d2231222076697369626c653d22312220736e6170746f677269643d2231223e3c636f6e74726f6c3e3c646473786d6c6f626a65637473747265616d696e6974777261707065722062696e6172793d2232313433333431323038303030303030306431393030303062323036303030303738353633343132303730303030303031343031303030303734303037393030373030303635303035663030366630303636303035663030373230303635303036373030363930303666303036653030303030303030303030303030303030303030303030306130393939396639336630303030303061303939393938303430303030303030303030303030333434303030303030303030303030306630336630303030303030303030303030303030303030303030303030313030303030303031303030303030303030303030303030303030303030303030303030303030303030303030303030303030303030303030303030303030303030303030303030303030303030303030303030303030303030303030303030303030303030303030303030303030303030306630336630303030303030303030303030303030663831366362353930303030303030303030303030303030663431376362353932306233636235396330666431353334633066643135333430323030303030303032303030303030303030303030303030303030303030303030303030303030303030303030303030323030303030303030303030303030636463636363336630303030303030306364636361633431303030306130633163646363636333663030303030303030303030303030303030303030303030303030303030303030303030303030303030313030303030303035303030303030353430303030303032633030303030303263303030303030326330303030303033343030303030303030303030303030303030303030303038333333303030306331313430303030303030303030303032643031303030303037303030303030306330303030303030373030303030303163303130303030393430623030303037383039303030303338303430303030343030353030303061383033303030303534303630303030653030373030303062633034303030306530303730303030666330393030303064383036303030303030303030303030303130303030303030643139303030306232303630303030303030303030303030313030303030303031303030303030303230303030303030323030303030303163303130303030383430633030303030303030303030303031303030303030376231373030303032303035303030303030303030303030303130303030303030313030303030303032303030303030303230303030303031633031303030303934306230303030303130303030303030303030303030303762313730303030653530323030303030303030303030303030303030303030303030303030303030323030303030303032303030303030316330313030303039343062303030303030303030303030303030303030303061633365303030303236323230303030303030303030303030303030303030303064303030303030303430303030303030343030303030303163303130303030393430623030303062303064303030303730303830303030373835363334313230343030303030303636303030303030303130303030303030313030303030303062303030303030303030303030303030313030303030303032303030303030303330303030303030343030303030303035303030303030303630303030303030373030303030303038303030303030303930303030303030613030303030303034303030303030363430303632303036663030303030303066303030303030373430303739303037303030363530303566303036663030363630303566303037323030363530303637303036393030366630303665303030303030222f3e3c2f636f6e74726f6c3e3c6c61796f75746f626a6563743e3c646473786d6c6f626a3e3c70726f7065727479206e616d653d224163746976655461626c65566965774d6f6465222076616c75653d22312220766172747970653d2238222f3e3c70726f7065727479206e616d653d225461626c65566965774d6f64653a30222076616c75653d22342c302c3238342c302c323936342c312c323432342c352c313632302220766172747970653d2238222f3e3c70726f7065727479206e616d653d225461626c65566965774d6f64653a31222076616c75653d22322c302c3238342c302c333230342220766172747970653d2238222f3e3c70726f7065727479206e616d653d225461626c65566965774d6f64653a32222076616c75653d22322c302c3238342c302c323936342220766172747970653d2238222f3e3c70726f7065727479206e616d653d225461626c65566965774d6f64653a33222076616c75653d22322c302c3238342c302c323936342220766172747970653d2238222f3e3c70726f7065727479206e616d653d225461626c65566965774d6f64653a34222076616c75653d22342c302c3238342c302c323936342c31322c333530342c31312c323136302220766172747970653d2238222f3e3c2f646473786d6c6f626a3e3c2f6c61796f75746f626a6563743e3c73686170652067726f7570736861706569643d2230222067726f75706e6f64653d2230222f3e3c2f646473636f6e74726f6c3e3c646473636f6e74726f6c2073656d616e746963636f6f6b69653d223031346639383530303130303030303036343030363230303666303030303030343630303462303035663030323030343335303433333034333830343365303433643034356630303232303433383034336630343230303034303034333530343333303433383034336530343364303433303034303030302220636f6e74726f6c70726f6769643d224d534444532e506f6c796c696e652e3038302e312220746f6f6c7469703d22d0a1d0b2d18fd0b7d18c202671756f743b464b5fd0a0d0b5d0b3d0b8d0bed0bd5fd0a2d0b8d0bf20d180d0b5d0b3d0b8d0bed0bdd0b02671756f743b20d0bcd0b5d0b6d0b4d183202671756f743b747970655f6f665f726567696f6e2671756f743b20d0b8202671756f743b726567696f6e2671756f743b22206c6566743d2231323139332220746f703d223637313922206c6f676963616c69643d2232312220636f6e74726f6c69643d22323122206d617374657269643d2230222068696e74313d2230222068696e74323d2230222077696474683d2238313522206865696768743d223338383122206e6f726573697a653d223022206e6f6d6f76653d223022206e6f64656661756c74617474616368706f696e74733d223122206175746f647261673d2230222075736564656661756c7469646473686170653d2230222073656c65637461626c653d2231222073686f7773656c656374696f6e68616e646c65733d22302220616c6c6f776e756467696e673d223122206973616e6e6f746174696f6e3d22302220646f6e746175746f6c61796f75743d2230222067726f7570636f6c6c61707365643d2230222074616273746f703d2231222076697369626c653d22312220736e6170746f677269643d2230223e3c636f6e74726f6c3e3c646473786d6c6f626a3e3c706f6c796c696e6520656e64747970656473743d22302220656e64747970657372633d2232222075736572636f6c6f723d22313537393033323022206c696e657374796c653d223022206c696e6572656e6465723d22302220637573746f6d656e647479706564737469643d22302220637573746f6d656e647479706573726369643d2230222061646f726e7376697369626c653d2231223e3c61646f726e6d656e742070657263656e74706f733d2234392e383537353439383537353439392220636f6e74726f6c69643d223232222077696474683d223332353322206865696768743d223333392220736964653d223122206265686176696f723d2233222068696d65747269633d223132333922206469737466726f6d6c696e653d22313735222073746172746f626a3d22302220783d2231323737352220793d2238343834222076697369626c653d22302220616c6c6f776f7665726c61703d2231222075736570657263656e743d2231222f3e3c2f706f6c796c696e653e3c2f646473786d6c6f626a3e3c2f636f6e74726f6c3e3c6c61796f75746f626a6563743e3c646473786d6c6f626a2f3e3c2f6c61796f75746f626a6563743e3c636f6e6e6563746f7220736f7572636569643d22323022206465737469643d2231322220736f75726365617474616368706f696e743d223431222064657374617474616368706f696e743d22343222207365676d656e74656469746d6f64653d2230222062656e64706f696e74656469746d6f64653d2230222062656e64706f696e747669736962696c6974793d2230222072656c6174656469643d223022207669727475616c3d2230223e3c706f696e7420783d2231323630302220793d2237343134222f3e3c706f696e7420783d2231323630302220793d2239393030222f3e3c2f636f6e6e6563746f723e3c2f646473636f6e74726f6c3e3c646473636f6e74726f6c2073656d616e746963636f6f6b69653d22303166393836323534386639383632352220636f6e74726f6c70726f6769643d224d534444532e546578742e3038302e3122206c6566743d2231323737352220746f703d223834383422206c6f676963616c69643d2232322220636f6e74726f6c69643d22323222206d617374657269643d223231222068696e74313d2230222068696e74323d2230222077696474683d223332353322206865696768743d2233333922206e6f726573697a653d223122206e6f6d6f76653d223022206e6f64656661756c74617474616368706f696e74733d223122206175746f647261673d2231222075736564656661756c7469646473686170653d2231222073656c65637461626c653d2231222073686f7773656c656374696f6e68616e646c65733d22312220616c6c6f776e756467696e673d223122206973616e6e6f746174696f6e3d22302220646f6e746175746f6c61796f75743d2231222067726f7570636f6c6c61707365643d2230222074616273746f703d2230222076697369626c653d22302220736e6170746f677269643d2230223e3c636f6e74726f6c3e3c646473786d6c6f626a65637473747265616d696e6974777261707065722062696e6172793d223030303230303030623530633030303035333031303030303033303030303030303030306666666666663030303830303030383030313030303030303135303030316363303030303930303162303330303130303036353436313638366636643631313530303436303034623030356630303230303433353034333330343338303433653034336430343566303032323034333830343366303432303030343030343335303433333034333830343365303433643034333030343030303030303030222f3e3c2f636f6e74726f6c3e3c6c61796f75746f626a6563743e3c646473786d6c6f626a2f3e3c2f6c61796f75746f626a6563743e3c73686170652067726f7570736861706569643d2230222067726f75706e6f64653d2230222f3e3c2f646473636f6e74726f6c3e3c646473636f6e74726f6c20636f6e74726f6c70726f6769643d227b36323341433037352d324337372d343837332d383833442d3933304234333634423442437d2220746f6f6c7469703d227765617468657222206c6566743d2232323635302220746f703d22313435353022206c6f676963616c69643d2232332220636f6e74726f6c69643d22323322206d617374657269643d2230222068696e74313d2230222068696e74323d2230222077696474683d223638353822206865696768743d223532373022206e6f726573697a653d223022206e6f6d6f76653d223022206e6f64656661756c74617474616368706f696e74733d223022206175746f647261673d2230222075736564656661756c7469646473686170653d2230222073656c65637461626c653d2231222073686f7773656c656374696f6e68616e646c65733d22302220616c6c6f776e756467696e673d223122206973616e6e6f746174696f6e3d22302220646f6e746175746f6c61796f75743d2230222067726f7570636f6c6c61707365643d2230222074616273746f703d2231222076697369626c653d22312220736e6170746f677269643d2231223e3c636f6e74726f6c3e3c646473786d6c6f626a65637473747265616d696e6974777261707065722062696e6172793d22323134333334313230383030303030306361316130303030393631343030303037383536333431323037303030303030313430313030303037373030363530303631303037343030363830303635303037323030303030303030303030303366643063663466336664376436353633666536653536353366303030303830336630303030383033666430636634663366643764363536336665366535363533663030303038303366303030303030303030303030303030303030303030303030303030303030303030303030303030303030303030303030303030303030303030303030303030303030303030303030303030303030303030303030303030303030303030303030303030303030303030303030303030303030303030303030303030303030303030303030303030303030303030303030303030303030303030303030303030303030303030303030303030303030303030303030303030303030303030303030303030303030303030303030303030303030303030303030303030303030303030303030303030303030303030303030303030303030303030303030303030303030303030303030303030303030303030303030303030303030303030303030303030303030303030303030303030303030303030303030303030303030303030303030303030303030303030303030303030303030303030303030303030303030303030303030303030303030303030303030303030303030303030303030303130303030303030353030303030303534303030303030326330303030303032633030303030303263303030303030333430303030303030303030303030303030303030303030383333333030303033383139303030303030303030303030326430313030303030393030303030303063303030303030303730303030303031633031303030303934306230303030373830393030303033383034303030303430303530303030613830333030303035343036303030306530303730303030626330343030303065303037303030306663303930303030643830363030303030303030303030303031303030303030636131613030303039363134303030303030303030303030303730303030303030373030303030303032303030303030303230303030303031633031303030303830306430303030303030303030303030313030303030303762313730303030306530653030303030303030303030303035303030303030303530303030303030323030303030303032303030303030316330313030303039343062303030303031303030303030303030303030303037623137303030306535303230303030303030303030303030303030303030303030303030303030303230303030303030323030303030303163303130303030393430623030303030303030303030303030303030303030616333653030303032363232303030303030303030303030303030303030303030643030303030303034303030303030303430303030303031633031303030303934306230303030623030643030303037303038303030303738353633343132303430303030303035383030303030303031303030303030303130303030303030623030303030303030303030303030303130303030303030323030303030303033303030303030303430303030303030353030303030303036303030303030303730303030303030383030303030303039303030303030306130303030303030343030303030303634303036323030366630303030303030383030303030303737303036353030363130303734303036383030363530303732303030303030222f3e3c2f636f6e74726f6c3e3c6c61796f75746f626a6563743e3c646473786d6c6f626a3e3c70726f7065727479206e616d653d224163746976655461626c65566965774d6f6465222076616c75653d22312220766172747970653d2238222f3e3c70726f7065727479206e616d653d225461626c65566965774d6f64653a30222076616c75653d22342c302c3238342c302c323936342c312c323432342c352c313632302220766172747970653d2238222f3e3c70726f7065727479206e616d653d225461626c65566965774d6f64653a31222076616c75653d22322c302c3238342c302c333435362220766172747970653d2238222f3e3c70726f7065727479206e616d653d225461626c65566965774d6f64653a32222076616c75653d22322c302c3238342c302c323936342220766172747970653d2238222f3e3c70726f7065727479206e616d653d225461626c65566965774d6f64653a33222076616c75653d22322c302c3238342c302c323936342220766172747970653d2238222f3e3c70726f7065727479206e616d653d225461626c65566965774d6f64653a34222076616c75653d22342c302c3238342c302c323936342c31322c333530342c31312c323136302220766172747970653d2238222f3e3c2f646473786d6c6f626a3e3c2f6c61796f75746f626a6563743e3c73686170652067726f7570736861706569643d2230222067726f75706e6f64653d2230222f3e3c2f646473636f6e74726f6c3e3c646473636f6e74726f6c2073656d616e746963636f6f6b69653d22303130303030303030313030303030303634303036323030366630303030303034363030346230303566303031663034336530343333303433653034333430343330303435663030323030343335303433333034333830343365303433643034303030302220636f6e74726f6c70726f6769643d224d534444532e506f6c796c696e652e3038302e312220746f6f6c7469703d22d0a1d0b2d18fd0b7d18c202671756f743b464b5fd09fd0bed0b3d0bed0b4d0b05fd0a0d0b5d0b3d0b8d0bed0bd2671756f743b20d0bcd0b5d0b6d0b4d183202671756f743b726567696f6e2671756f743b20d0b8202671756f743b776561746865722671756f743b22206c6566743d2231353835382220746f703d22313231393322206c6f676963616c69643d2232342220636f6e74726f6c69643d22323422206d617374657269643d2230222068696e74313d2230222068696e74323d2230222077696474683d223730393222206865696768743d223534333722206e6f726573697a653d223022206e6f6d6f76653d223022206e6f64656661756c74617474616368706f696e74733d223122206175746f647261673d2230222075736564656661756c7469646473686170653d2230222073656c65637461626c653d2231222073686f7773656c656374696f6e68616e646c65733d22302220616c6c6f776e756467696e673d223122206973616e6e6f746174696f6e3d22302220646f6e746175746f6c61796f75743d2230222067726f7570636f6c6c61707365643d2230222074616273746f703d2231222076697369626c653d22312220736e6170746f677269643d2230223e3c636f6e74726f6c3e3c646473786d6c6f626a3e3c706f6c796c696e6520656e64747970656473743d22302220656e64747970657372633d2232222075736572636f6c6f723d22313537393033323022206c696e657374796c653d223022206c696e6572656e6465723d22302220637573746f6d656e647479706564737469643d22302220637573746f6d656e647479706573726369643d2230222061646f726e7376697369626c653d2231223e3c61646f726e6d656e742070657263656e74706f733d2234392e383633303133363938363330312220636f6e74726f6c69643d223235222077696474683d223235313422206865696768743d223333392220736964653d223022206265686176696f723d2233222068696d65747269633d223535353522206469737466726f6d6c696e653d22313735222073746172746f626a3d22302220783d2231373936312220793d223133383338222076697369626c653d22302220616c6c6f776f7665726c61703d2231222075736570657263656e743d2231222f3e3c2f706f6c796c696e653e3c2f646473786d6c6f626a3e3c2f636f6e74726f6c3e3c6c61796f75746f626a6563743e3c646473786d6c6f626a2f3e3c2f6c61796f75746f626a6563743e3c636f6e6e6563746f7220736f7572636569643d22313222206465737469643d2232332220736f75726365617474616368706f696e743d22313233222064657374617474616368706f696e743d2231323222207365676d656e74656469746d6f64653d2230222062656e64706f696e74656469746d6f64653d2230222062656e64706f696e747669736962696c6974793d2230222072656c6174656469643d223022207669727475616c3d2230223e3c706f696e7420783d2231363135382220793d223132363030222f3e3c706f696e7420783d2232303635302220793d223132363030222f3e3c706f696e7420783d2232303635302220793d223137323530222f3e3c706f696e7420783d2232323635302220793d223137323530222f3e3c2f636f6e6e6563746f723e3c2f646473636f6e74726f6c3e3c646473636f6e74726f6c2073656d616e746963636f6f6b69653d22303166613836323530386661383632352220636f6e74726f6c70726f6769643d224d534444532e546578742e3038302e3122206c6566743d2231373936312220746f703d22313338333822206c6f676963616c69643d2232352220636f6e74726f6c69643d22323522206d617374657269643d223234222068696e74313d2230222068696e74323d2230222077696474683d223235313422206865696768743d2233333922206e6f726573697a653d223122206e6f6d6f76653d223022206e6f64656661756c74617474616368706f696e74733d223122206175746f647261673d2231222075736564656661756c7469646473686170653d2231222073656c65637461626c653d2231222073686f7773656c656374696f6e68616e646c65733d22312220616c6c6f776e756467696e673d223122206973616e6e6f746174696f6e3d22302220646f6e746175746f6c61796f75743d2231222067726f7570636f6c6c61707365643d2230222074616273746f703d2230222076697369626c653d22302220736e6170746f677269643d2230223e3c636f6e74726f6c3e3c646473786d6c6f626a65637473747265616d696e6974777261707065722062696e6172793d22303030323030303064323039303030303533303130303030303330303030303030303030666666666666303030383030303038303031303030303030313530303031636330303030393030316230333030313030303635343631363836663664363131303030343630303462303035663030316630343365303433333034336530343334303433303034356630303230303433353034333330343338303433653034336430343030303030303030222f3e3c2f636f6e74726f6c3e3c6c61796f75746f626a6563743e3c646473786d6c6f626a2f3e3c2f6c61796f75746f626a6563743e3c73686170652067726f7570736861706569643d2230222067726f75706e6f64653d2230222f3e3c2f646473636f6e74726f6c3e3c646473636f6e74726f6c2073656d616e746963636f6f6b69653d223031346639383530303130303030303036343030363230303666303030303030343630303462303035663030316630343365303433333034336530343334303433303034356630303130303434323034336330343365303434313034343430343335303434303034336430343365303433353034323030303334303433303034333230343362303433353034336430343338303433353034303030302220636f6e74726f6c70726f6769643d224d534444532e506f6c796c696e652e3038302e312220746f6f6c7469703d22d0a1d0b2d18fd0b7d18c202671756f743b464b5fd09fd0bed0b3d0bed0b4d0b05fd090d182d0bcd0bed181d184d0b5d180d0bdd0bed0b520d0b4d0b0d0b2d0bbd0b5d0bdd0b8d0b52671756f743b20d0bcd0b5d0b6d0b4d183202671756f743b61746d6f737068657269635f70726573737572652671756f743b20d0b8202671756f743b776561746865722671756f743b22206c6566743d2232353639332220746f703d22313135313922206c6f676963616c69643d2232362220636f6e74726f6c69643d22323622206d617374657269643d2230222068696e74313d2230222068696e74323d2230222077696474683d2238313522206865696768743d223337333122206e6f726573697a653d223022206e6f6d6f76653d223022206e6f64656661756c74617474616368706f696e74733d223122206175746f647261673d2230222075736564656661756c7469646473686170653d2230222073656c65637461626c653d2231222073686f7773656c656374696f6e68616e646c65733d22302220616c6c6f776e756467696e673d223122206973616e6e6f746174696f6e3d22302220646f6e746175746f6c61796f75743d2230222067726f7570636f6c6c61707365643d2230222074616273746f703d2231222076697369626c653d22312220736e6170746f677269643d2230223e3c636f6e74726f6c3e3c646473786d6c6f626a3e3c706f6c796c696e6520656e64747970656473743d22302220656e64747970657372633d2232222075736572636f6c6f723d22313537393033323022206c696e657374796c653d223022206c696e6572656e6465723d22302220637573746f6d656e647479706564737469643d22302220637573746f6d656e647479706573726369643d2230222061646f726e7376697369626c653d2231223e3c61646f726e6d656e742070657263656e74706f733d2235372e303335343237383037343836362220636f6e74726f6c69643d223237222077696474683d223438323222206865696768743d223333392220736964653d223022206265686176696f723d2233222068696d65747269633d223133333222206469737466726f6d6c696e653d22313735222073746172746f626a3d22302220783d2232313130332220793d223133333532222076697369626c653d22302220616c6c6f776f7665726c61703d2231222075736570657263656e743d2231222f3e3c2f706f6c796c696e653e3c2f646473786d6c6f626a3e3c2f636f6e74726f6c3e3c6c61796f75746f626a6563743e3c646473786d6c6f626a2f3e3c2f6c61796f75746f626a6563743e3c636f6e6e6563746f7220736f7572636569643d223322206465737469643d2232332220736f75726365617474616368706f696e743d223431222064657374617474616368706f696e743d22343422207365676d656e74656469746d6f64653d2230222062656e64706f696e74656469746d6f64653d2230222062656e64706f696e747669736962696c6974793d2230222072656c6174656469643d223022207669727475616c3d2230223e3c706f696e7420783d2232363130302220793d223132323134222f3e3c706f696e7420783d2232363130302220793d223134353530222f3e3c2f636f6e6e6563746f723e3c2f646473636f6e74726f6c3e3c646473636f6e74726f6c2073656d616e746963636f6f6b69653d22303131663433323638383166343332362220636f6e74726f6c70726f6769643d224d534444532e546578742e3038302e3122206c6566743d2232313130332220746f703d22313333353222206c6f676963616c69643d2232372220636f6e74726f6c69643d22323722206d617374657269643d223236222068696e74313d2230222068696e74323d2230222077696474683d223438323222206865696768743d2233333922206e6f726573697a653d223122206e6f6d6f76653d223022206e6f64656661756c74617474616368706f696e74733d223122206175746f647261673d2231222075736564656661756c7469646473686170653d2231222073656c65637461626c653d2231222073686f7773656c656374696f6e68616e646c65733d22312220616c6c6f776e756467696e673d223122206973616e6e6f746174696f6e3d22302220646f6e746175746f6c61796f75743d2231222067726f7570636f6c6c61707365643d2230222074616273746f703d2230222076697369626c653d22302220736e6170746f677269643d2230223e3c636f6e74726f6c3e3c646473786d6c6f626a65637473747265616d696e6974777261707065722062696e6172793d223030303230303030643631323030303035333031303030303033303030303030303030306666666666663030303830303030383030313030303030303135303030316363303030303930303162303330303130303036353436313638366636643631316530303436303034623030356630303166303433653034333330343365303433343034333030343566303031303034343230343363303433653034343130343434303433353034343030343364303433653034333530343230303033343034333030343332303433623034333530343364303433383034333530343030303030303030222f3e3c2f636f6e74726f6c3e3c6c61796f75746f626a6563743e3c646473786d6c6f626a2f3e3c2f6c61796f75746f626a6563743e3c73686170652067726f7570736861706569643d2230222067726f75706e6f64653d2230222f3e3c2f646473636f6e74726f6c3e3c646473636f6e74726f6c2073656d616e746963636f6f6b69653d22303133656537373230313030303030303634303036323030366630303030303034363030346230303566303031663034336530343333303433653034333430343330303435663030316530343431303433303034333430343361303433383034303030302220636f6e74726f6c70726f6769643d224d534444532e506f6c796c696e652e3038302e312220746f6f6c7469703d22d0a1d0b2d18fd0b7d18c202671756f743b464b5fd09fd0bed0b3d0bed0b4d0b05fd09ed181d0b0d0b4d0bad0b82671756f743b20d0bcd0b5d0b6d0b4d183202671756f743b70726563697069746174696f6e2671756f743b20d0b8202671756f743b776561746865722671756f743b22206c6566743d2232393230382220746f703d22313638343322206c6f676963616c69643d2232382220636f6e74726f6c69643d22323822206d617374657269643d2230222068696e74313d2230222068696e74323d2230222077696474683d223330343222206865696768743d2238313522206e6f726573697a653d223022206e6f6d6f76653d223022206e6f64656661756c74617474616368706f696e74733d223122206175746f647261673d2230222075736564656661756c7469646473686170653d2230222073656c65637461626c653d2231222073686f7773656c656374696f6e68616e646c65733d22302220616c6c6f776e756467696e673d223122206973616e6e6f746174696f6e3d22302220646f6e746175746f6c61796f75743d2230222067726f7570636f6c6c61707365643d2230222074616273746f703d2231222076697369626c653d22312220736e6170746f677269643d2230223e3c636f6e74726f6c3e3c646473786d6c6f626a3e3c706f6c796c696e6520656e64747970656473743d22302220656e64747970657372633d2232222075736572636f6c6f723d22313537393033323022206c696e657374796c653d223022206c696e6572656e6465723d22302220637573746f6d656e647479706564737469643d22302220637573746f6d656e647479706573726369643d2230222061646f726e7376697369626c653d2231223e3c61646f726e6d656e742070657263656e74706f733d2235362e383933393737313033303336332220636f6e74726f6c69643d223239222077696474683d223235363122206865696768743d223333392220736964653d223022206265686176696f723d2233222068696d65747269633d223133383922206469737466726f6d6c696e653d22313735222073746172746f626a3d22302220783d2232393435362220793d223136373336222076697369626c653d22302220616c6c6f776f7665726c61703d2231222075736570657263656e743d2231222f3e3c2f706f6c796c696e653e3c2f646473786d6c6f626a3e3c2f636f6e74726f6c3e3c6c61796f75746f626a6563743e3c646473786d6c6f626a2f3e3c2f6c61796f75746f626a6563743e3c636f6e6e6563746f7220736f7572636569643d22313122206465737469643d2232332220736f75726365617474616368706f696e743d223934222064657374617474616368706f696e743d2231323322207365676d656e74656469746d6f64653d2230222062656e64706f696e74656469746d6f64653d2230222062656e64706f696e747669736962696c6974793d2230222072656c6174656469643d223022207669727475616c3d2230223e3c706f696e7420783d2233313935302220793d223137323530222f3e3c706f696e7420783d2232393530382220793d223137323530222f3e3c2f636f6e6e6563746f723e3c2f646473636f6e74726f6c3e3c646473636f6e74726f6c2073656d616e746963636f6f6b69653d22303132303433323634383230343332362220636f6e74726f6c70726f6769643d224d534444532e546578742e3038302e3122206c6566743d2232393435362220746f703d22313637333622206c6f676963616c69643d2232392220636f6e74726f6c69643d22323922206d617374657269643d223238222068696e74313d2230222068696e74323d2230222077696474683d223235363122206865696768743d2233333922206e6f726573697a653d223122206e6f6d6f76653d223022206e6f64656661756c74617474616368706f696e74733d223122206175746f647261673d2231222075736564656661756c7469646473686170653d2231222073656c65637461626c653d2231222073686f7773656c656374696f6e68616e646c65733d22312220616c6c6f776e756467696e673d223122206973616e6e6f746174696f6e3d22302220646f6e746175746f6c61796f75743d2231222067726f7570636f6c6c61707365643d2230222074616273746f703d2230222076697369626c653d22302220736e6170746f677269643d2230223e3c636f6e74726f6c3e3c646473786d6c6f626a65637473747265616d696e6974777261707065722062696e6172793d22303030323030303030313061303030303533303130303030303330303030303030303030666666666666303030383030303038303031303030303030313530303031636330303030393030316230333030313030303635343631363836663664363131303030343630303462303035663030316630343365303433333034336530343334303433303034356630303165303434313034333030343334303433613034333830343030303030303030222f3e3c2f636f6e74726f6c3e3c6c61796f75746f626a6563743e3c646473786d6c6f626a2f3e3c2f6c61796f75746f626a6563743e3c73686170652067726f7570736861706569643d2230222067726f75706e6f64653d2230222f3e3c2f646473636f6e74726f6c3e3c646473636f6e74726f6c20636f6e74726f6c70726f6769643d227b36323341433037352d324337372d343837332d383833442d3933304234333634423442437d2220746f6f6c7469703d2277696e6422206c6566743d2232323935302220746f703d22323232303022206c6f676963616c69643d2233302220636f6e74726f6c69643d22333022206d617374657269643d2230222068696e74313d2230222068696e74323d2230222077696474683d223634313322206865696768743d223137313422206e6f726573697a653d223022206e6f6d6f76653d223022206e6f64656661756c74617474616368706f696e74733d223022206175746f647261673d2230222075736564656661756c7469646473686170653d2230222073656c65637461626c653d2231222073686f7773656c656374696f6e68616e646c65733d22302220616c6c6f776e756467696e673d223122206973616e6e6f746174696f6e3d22302220646f6e746175746f6c61796f75743d2230222067726f7570636f6c6c61707365643d2230222074616273746f703d2231222076697369626c653d22312220736e6170746f677269643d2231223e3c636f6e74726f6c3e3c646473786d6c6f626a65637473747265616d696e6974777261707065722062696e6172793d22323134333334313230383030303030303064313930303030623230363030303037383536333431323037303030303030313430313030303037373030363930303665303036343030303030306666666666666666666666666666666666666666666666666666666666666666666666666666666666666666666666666666666666666666666666666666666666666666666666666666666666666666666666666666666666666666666666666666666666666666666666666666666666666666666666666666666666666666666666666666666666666666666666666666666666666666666666666666666666666666666666666666666666666666666666666666666666666666666666666666666666666666666666666666666666666666666666666666666666666666666666666666666666666666666666666666666666666666666666666666666666666666666666666666666666666666666666666666666666666666666666666666666666666666666666666666666666666666666666666666666666666666666666666666666666666666666666666666666666666666666666666666666666666666666666666666666666666666666666666666666666666666666666666666666666666666666666666666666666666666666666666666666666666666666666666666666666666666666666666666666666666666666666666666666666666666666666663030303030303030303030303030303030303030303130303030303030353030303030303534303030303030326330303030303032633030303030303263303030303030333430303030303030303030303030303030303030303030383333333030303063313134303030303030303030303030326430313030303030373030303030303063303030303030303730303030303031633031303030303934306230303030373830393030303033383034303030303430303530303030613830333030303035343036303030306530303730303030626330343030303065303037303030306663303930303030643830363030303030303030303030303031303030303030306431393030303062323036303030303030303030303030303130303030303030313030303030303032303030303030303230303030303031633031303030303834306330303030303030303030303030313030303030303762313730303030323030353030303030303030303030303031303030303030303130303030303030323030303030303032303030303030316330313030303039343062303030303031303030303030303030303030303037623137303030306535303230303030303030303030303030303030303030303030303030303030303230303030303030323030303030303163303130303030393430623030303030303030303030303030303030303030616333653030303032363232303030303030303030303030303030303030303030643030303030303034303030303030303430303030303031633031303030303934306230303030623030643030303037303038303030303738353633343132303430303030303035323030303030303031303030303030303130303030303030623030303030303030303030303030303130303030303030323030303030303033303030303030303430303030303030353030303030303036303030303030303730303030303030383030303030303039303030303030306130303030303030343030303030303634303036323030366630303030303030353030303030303737303036393030366530303634303030303030222f3e3c2f636f6e74726f6c3e3c6c61796f75746f626a6563743e3c646473786d6c6f626a3e3c70726f7065727479206e616d653d224163746976655461626c65566965774d6f6465222076616c75653d22312220766172747970653d2238222f3e3c70726f7065727479206e616d653d225461626c65566965774d6f64653a30222076616c75653d22342c302c3238342c302c323936342c312c323432342c352c313632302220766172747970653d2238222f3e3c70726f7065727479206e616d653d225461626c65566965774d6f64653a31222076616c75653d22322c302c3238342c302c333230342220766172747970653d2238222f3e3c70726f7065727479206e616d653d225461626c65566965774d6f64653a32222076616c75653d22322c302c3238342c302c323936342220766172747970653d2238222f3e3c70726f7065727479206e616d653d225461626c65566965774d6f64653a33222076616c75653d22322c302c3238342c302c323936342220766172747970653d2238222f3e3c70726f7065727479206e616d653d225461626c65566965774d6f64653a34222076616c75653d22342c302c3238342c302c323936342c31322c333530342c31312c323136302220766172747970653d2238222f3e3c2f646473786d6c6f626a3e3c2f6c61796f75746f626a6563743e3c73686170652067726f7570736861706569643d2230222067726f75706e6f64653d2230222f3e3c2f646473636f6e74726f6c3e3c646473636f6e74726f6c2073656d616e746963636f6f6b69653d223031303038303366303130303030303036343030363230303666303030303030343630303462303035663030316630343365303433333034336530343334303433303034356630303132303433353034343230343335303434303034303030302220636f6e74726f6c70726f6769643d224d534444532e506f6c796c696e652e3038302e312220746f6f6c7469703d22d0a1d0b2d18fd0b7d18c202671756f743b464b5fd09fd0bed0b3d0bed0b4d0b05fd092d0b5d182d0b5d1802671756f743b20d0bcd0b5d0b6d0b4d183202671756f743b77696e642671756f743b20d0b8202671756f743b776561746865722671756f743b22206c6566743d2232353639332220746f703d22313931323122206c6f676963616c69643d2233312220636f6e74726f6c69643d22333122206d617374657269643d2230222068696e74313d2230222068696e74323d2230222077696474683d2238313522206865696768743d223337373522206e6f726573697a653d223022206e6f6d6f76653d223022206e6f64656661756c74617474616368706f696e74733d223122206175746f647261673d2230222075736564656661756c7469646473686170653d2230222073656c65637461626c653d2231222073686f7773656c656374696f6e68616e646c65733d22302220616c6c6f776e756467696e673d223122206973616e6e6f746174696f6e3d22302220646f6e746175746f6c61796f75743d2230222067726f7570636f6c6c61707365643d2230222074616273746f703d2231222076697369626c653d22312220736e6170746f677269643d2230223e3c636f6e74726f6c3e3c646473786d6c6f626a3e3c706f6c796c696e6520656e64747970656473743d22302220656e64747970657372633d2232222075736572636f6c6f723d22313537393033323022206c696e657374796c653d223022206c696e6572656e6465723d22302220637573746f6d656e647479706564737469643d22302220637573746f6d656e647479706573726369643d2230222061646f726e7376697369626c653d2231223e3c61646f726e6d656e742070657263656e74706f733d2235302220636f6e74726f6c69643d223332222077696474683d223233373622206865696768743d223333392220736964653d223122206265686176696f723d2233222068696d65747269633d223131393022206469737466726f6d6c696e653d22313735222073746172746f626a3d22302220783d2232333534392220793d223230383430222076697369626c653d22302220616c6c6f776f7665726c61703d2231222075736570657263656e743d2231222f3e3c2f706f6c796c696e653e3c2f646473786d6c6f626a3e3c2f636f6e74726f6c3e3c6c61796f75746f626a6563743e3c646473786d6c6f626a2f3e3c2f6c61796f75746f626a6563743e3c636f6e6e6563746f7220736f7572636569643d22333022206465737469643d2232332220736f75726365617474616368706f696e743d223430222064657374617474616368706f696e743d22343522207365676d656e74656469746d6f64653d2230222062656e64706f696e74656469746d6f64653d2230222062656e64706f696e747669736962696c6974793d2230222072656c6174656469643d223022207669727475616c3d2230223e3c706f696e7420783d2232363130302220793d223232323030222f3e3c706f696e7420783d2232363130302220793d223139383230222f3e3c2f636f6e6e6563746f723e3c2f646473636f6e74726f6c3e3c646473636f6e74726f6c2073656d616e746963636f6f6b69653d22303161643865323539386164386532352220636f6e74726f6c70726f6769643d224d534444532e546578742e3038302e3122206c6566743d2232333534392220746f703d22323038343022206c6f676963616c69643d2233322220636f6e74726f6c69643d22333222206d617374657269643d223331222068696e74313d2230222068696e74323d2230222077696474683d223233373622206865696768743d2233333922206e6f726573697a653d223122206e6f6d6f76653d223022206e6f64656661756c74617474616368706f696e74733d223122206175746f647261673d2231222075736564656661756c7469646473686170653d2231222073656c65637461626c653d2231222073686f7773656c656374696f6e68616e646c65733d22312220616c6c6f776e756467696e673d223122206973616e6e6f746174696f6e3d22302220646f6e746175746f6c61796f75743d2231222067726f7570636f6c6c61707365643d2230222074616273746f703d2230222076697369626c653d22302220736e6170746f677269643d2230223e3c636f6e74726f6c3e3c646473786d6c6f626a65637473747265616d696e6974777261707065722062696e6172793d223030303230303030343830393030303035333031303030303033303030303030303030306666666666663030303830303030383030313030303030303135303030316363303030303930303162303330303130303036353436313638366636643631306630303436303034623030356630303166303433653034333330343365303433343034333030343566303031323034333530343432303433353034343030343030303030303030222f3e3c2f636f6e74726f6c3e3c6c61796f75746f626a6563743e3c646473786d6c6f626a2f3e3c2f6c61796f75746f626a6563743e3c73686170652067726f7570736861706569643d2230222067726f75706e6f64653d2230222f3e3c2f646473636f6e74726f6c3e3c646473636f6e74726f6c2073656d616e746963636f6f6b69653d22303139663430323633383966343032362220636f6e74726f6c70726f6769643d224d534444532e546578742e3038302e3122206c6566743d2232313237332220746f703d22313033303222206c6f676963616c69643d2233332220636f6e74726f6c69643d22333322206d617374657269643d2230222068696e74313d2230222068696e74323d2230222077696474683d223630303022206865696768743d223135303022206e6f726573697a653d223022206e6f6d6f76653d223022206e6f64656661756c74617474616368706f696e74733d223122206175746f647261673d2230222075736564656661756c7469646473686170653d2231222073656c65637461626c653d2231222073686f7773656c656374696f6e68616e646c65733d22312220616c6c6f776e756467696e673d223122206973616e6e6f746174696f6e3d22302220646f6e746175746f6c61796f75743d2231222067726f7570636f6c6c61707365643d2230222074616273746f703d2231222076697369626c653d22312220736e6170746f677269643d2230223e3c636f6e74726f6c3e3c646473786d6c6f626a65637473747265616d696e6974777261707065722062696e6172793d2230303032303030303730313730303030646330353030303030333030363430303030303066666666666630303030303030303030303030303030303033613030303163633030303039303031663034393032303030383533363536373666363532303535343930313030306430303030303030303030222f3e3c2f636f6e74726f6c3e3c6c61796f75746f626a6563743e3c646473786d6c6f626a2f3e3c2f6c61796f75746f626a6563743e3c73686170652067726f7570736861706569643d2230222067726f75706e6f64653d2230222f3e3c2f646473636f6e74726f6c3e3c2f6464733e0d0a0000000000000000000000000000000000000000000000000000000000000000000000000000000000000000000000000000feffffff02000000030000000400000005000000060000000700000008000000090000000a0000000b0000000c0000000d0000000e0000000f0000001000000011000000120000001300000014000000fefffffffeffffffffffffffffffffffffffffffffffffffffffffffffffffffffffffffffffffffffffffffffffffffffffffffffffffffffffffffffffffffffffffffffffffffffffffffffffffffffffffffffffffffffffffffffffffffffffffffffffffffffffffffffffffffffffffffffffffffffffffffffffffffffffffffffffffffffffffffffffffffffffffffffffffffffffffffffffffffffffffffffffffffffffffffffffffffffffffffffffffffffffffffffffffffffffffffffffffffffffffffffffffffffffffffffffffffffffffffffffffffffffffffffffffffffffffffffffffffffffffffffffffffffffffffffffffffffffffffffffffffffffffffffffffffffffffffffffffffffffffffffffffffffffffffffffffffffffffffffffffffffffffffffffffffffffffffffffffffffffffffffffffffffffffffffffffffffffffffffffffffffffffffffffffffffffffffffffffffffffffffffffffffffffffffffffffffffffffffffffffffffffffffffffffffffffffffffffffffffffffffffffffffffffffffffffffffffffffffffffffffffffffffffffffff010003000000000000000c0000000b0000004e61bc00000000000000000000000000000000000000000000000000000000000000000000000000000000000000dbe6b0e91c81d011ad5100a0c90f573900000200c02b845043d2d701020200001048450000000000000000000000000000000000da0100004400610074006100200053006f0075007200630065003d0041004c0045004f004e005400450056002d004e0042003b0049006e0069007400690061006c00200043006100740061006c006f0067003d0077006500610074006800650072005f0069006e005f0072006500670069006f006e003b0049006e00740065006700720061007400650064002000530065006300750072006900740079003d0054007200750065003b004d0075006c007400690070006c00650041006300740069007600650052006500730075006c00740053006500740073003d00460061006c00730065003b0043006f006e006e006500630074002000540069006d0065006f00750074003d00330030003b0054007200750073007400530065007200760065007200430065007200740069006600690063006100740065003d00460061006c00730065003b005000610063006b00650074002000530069007a0065003d0034003000390036003b004100700070006c00690063006100740069006f006e0020004e0061006d0065003d0022004d006900630072006f0073006f00660074002000530051004c00200053006500720076006500720020004d0061006e006100670065006d0065006e0074002000530074007500640069006f0022000000008005000400000031000000000226001a0000006100670065005f00630061007400650067006f0072007900000008000000640062006f00000000022600280000006100690072005f0070006f006c006c007500740069006f006e005f0063006c00610073007300000008000000640062006f000000000226002a000000610074006d006f0073007000680065007200690063005f0070007200650073007300750072006500000008000000640062006f000000000226003400000063006f006d0070006f0073006900740069006f006e005f006f0066005f0070006f00700075006c006100740069006f006e00000008000000640062006f000000000226001c000000650063006f006c006f00670079005f0073007400610074006500000008000000640062006f000000000226001600000070006f00700075006c006100740069006f006e00000008000000640062006f000000000226001c000000700072006500630069007000690074006100740069006f006e00000008000000640062006f000000000226000e00000072006500670069006f006e00000008000000640062006f000000000226002e00000073006f0069006c005f00650072006f00730069006f006e005f0069006e00640069006300610074006f007200000008000000640062006f000000000226001e00000074007900700065005f006f0066005f0072006500670069006f006e00000008000000640062006f00000000022600100000007700650061007400680065007200000008000000640062006f000000000224000a000000770069006e006400000008000000640062006f00000001000000d68509b3bb6bf2459ab8371664f0327008004e0000007b00310036003300340043004400440037002d0030003800380038002d0034003200450033002d0039004600410032002d004200360044003300320035003600330042003900310044007d00000000000000000000000000000000000000000000000000000000000000000000000000000000000000010003000000000000000c0000000b00000000000000000000000000000000000000000000000000000000000000000000000000000000000000000000000000000000000000000000000000000000000000000000000000000000000000000000000000000000000000000000000000000000000000000000000000000000000000000000000000000000000000000000000000000000000000000000000000000000000000000000000000000000000000000000000000000000000000000053006300680065006d00610020005500440056002000440065006600610075006c007400200050006f007300740020005600360000000000000000000000000036000200ffffffffffffffffffffffff0000000000000000000000000000000000000000000000000000000000000000000000001500000012000000000000000000000000000000000000000000000000000000000000000000000000000000000000000000000000000000000000000000000000000000000000000000000000000000ffffffffffffffffffffffff0000000000000000000000000000000000000000000000000000000000000000000000000000000000000000000000000000000000000000000000000000000000000000000000000000000000000000000000000000000000000000000000000000000000000000000000000000000000000000ffffffffffffffffffffffff0000000000000000000000000000000000000000000000000000000000000000000000000000000000000000000000000000000000000000000000000000000000000000000000000000000000000000000000000000000000000000000000000000000000000000000000000000000000000000ffffffffffffffffffffffff00000000000000000000000000000000000000000000000000000000000000000000000000000000000000000000000062885214);
INSERT INTO `sysdiagrams` (`name`, `principal_id`, `diagram_id`, `version`, `definition`) VALUES
('Diagram_0', 1, 5, 1, 0xd0cf11e0a1b11ae1000000000000000000000000000000003e000300feff0900060000000000000000000000010000000100000000000000001000006400000001000000feffffff0000000000000000fffffffffffffffffffffffffffffffffffffffffffffffffffffffffffffffffffffffffffffffffffffffffffffffffffffffffffffffffffffffffffffffffffffffffffffffffffffffffffffffffffffffffffffffffffffffffffffffffffffffffffffffffffffffffffffffffffffffffffffffffffffffffffffffffffffffffffffffffffffffffffffffffffffffffffffffffffffffffffffffffffffffffffffffffffffffffffffffffffffffffffffffffffffffffffffffffffffffffffffffffffffffffffffffffffffffffffffffffffffffffffffffffffffffffffffffffffffffffffffffffffffffffffffffffffffffffffffffffffffffffffffffffffffffffffffffffffffffffffffffffffffffffffffffffffffffffffffffffffffffffffffffffffffffffffffffffffffffffffffffffffffffffffffffffffffffffffffffffffffffffffffffffffffffffffffffffffffffffffffffffffffffffffffffffffffffffffffffffffffffffffffffffffffffffffffffffffffffffffffffffffffffffffffffffffffffffffffffffffffffffffffffffffffffffffffffffdffffff68000000030000000400000005000000060000000700000008000000090000000a0000000b0000000c0000000d0000000e0000000f000000100000001100000012000000130000001400000015000000160000001700000018000000190000001a0000001b0000001c0000001d0000001e0000001f000000200000002100000022000000230000002400000025000000260000002700000028000000290000002a0000002b0000002c0000002d0000002e0000002f000000300000003100000032000000330000003400000035000000360000003700000038000000390000003a0000003b0000003c0000003d0000003e0000003f000000400000004100000042000000430000004400000045000000460000004700000048000000490000004a0000004b0000004c0000004d0000004e0000004f000000500000005100000052000000530000005400000055000000560000005700000058000000590000005a0000005b0000005c0000005d0000005e0000005f00000060000000610000006200000063000000fefffffffeffffff6600000067000000fefffffffeffffffffffffffffffffffffffffffffffffffffffffffffffffffffffffffffffffffffffffffffffffffffffffffffffffffffffffffffffffffffffffffffffffffffffffffffffffffffffffffffffffffffffffffffffffffffffffff52006f006f007400200045006e00740072007900000000000000000000000000000000000000000000000000000000000000000000000000000000000000000016000500ffffffffffffffff0200000000000000000000000000000000000000000000000000000000000000d0a360ea44d2d70165000000400500000000000044006400730058004d004c00530074007200650061006d00000000000000000000000000000000000000000000000000000000000000000000000000000000001a000201ffffffffffffffffffffffff00000000000000000000000000000000000000000000000000000000000000000000000002000000dec200000000000053006300680065006d00610020005500440056002000440065006600610075006c00740000000000000000000000000000000000000000000000000000000000260002010100000003000000ffffffff000000000000000000000000000000000000000000000000000000000000000000000000000000001600000000000000440053005200450046002d0053004300480045004d0041002d0043004f004e00540045004e0054005300000000000000000000000000000000000000000000002c000201ffffffff04000000ffffffff00000000000000000000000000000000000000000000000000000000000000000000000001000000ba040000000000003c6464733e3c6469616772616d20666f6e74636c7369643d227b37374432433932442d373737392d313144382d393037302d3030303635423834304439437d22206d6f75736569636f6e636c7369643d227b30424533353230342d384639312d313143452d394445332d3030414130303442423835317d222064656661756c746c61796f75743d224d534444532e52656374696c696e656172222064656661756c746c696e65726f7574653d224d534444532e52656374696c696e656172222076657273696f6e3d223722206e6578746f626a6563743d22343722207363616c653d22313030222070616765627265616b616e63686f72783d2230222070616765627265616b616e63686f72793d2230222070616765627265616b73697a65783d2230222070616765627265616b73697a65793d223022207363726f6c6c6c6566743d223022207363726f6c6c746f703d2237323830222067726964783d22313530222067726964793d2231353022206d617267696e783d223530303022206d617267696e793d223530303022207a6f6f6d3d223130302220783d2234303238302220793d22313735343722206261636b636f6c6f723d222d32313437343833363433222064656661756c7470657273697374656e63653d223322205072696e74506167654e756d626572734d6f64653d223322205072696e744d617267696e546f703d223022205072696e744d617267696e426f74746f6d3d2236333522205072696e744d617267696e4c6566743d223022205072696e744d617267696e52696768743d223022206d61727175656573656c656374696f6e6d6f64653d223122206d6f757365706f696e7465723d22302220736e6170746f677269643d223122206175746f74797065616e6e6f746174696f6e3d2231222073686f777363726f6c6c626172733d223122207669657770616765627265616b733d22302220646f6e6f74666f726365636f6e6e6563746f7273626568696e647368617065733d2231223e3c666f6e743e3c646473786d6c6f626a65637473747265616d777261707065722062696e6172793d22303030303038303033303030303030303030303230303030222f3e3c2f666f6e743e3c6d6f75736569636f6e3e3c646473786d6c6f626a65637473747265616d777261707065722062696e6172793d2236633734303030303030303030303030222f3e3c2f6d6f75736569636f6e3e3c2f6469616772616d3e3c6c61796f75746d616e616765723e3c646473786d6c6f626a3e3c70726f7065727479206e616d653d227363685f6c6162656c735f76697369626c65222076616c75653d22302220766172747970653d223131222f3e3c2f646473786d6c6f626a3e3c2f6c61796f75746d616e616765723e3c646473636f6e74726f6c20636f6e74726f6c70726f6769643d227b36323341433037352d324337372d343837332d383833442d3933304234333634423442437d2220746f6f6c7469703d226169725f706f6c6c7574696f6e5f636c61737322206c6566743d22313935302220746f703d223139353022206c6f676963616c69643d22322220636f6e74726f6c69643d223222206d617374657269643d2230222068696e74313d2230222068696e74323d2230222077696474683d223634313322206865696768743d223137313422206e6f726573697a653d223022206e6f6d6f76653d223022206e6f64656661756c74617474616368706f696e74733d223022206175746f647261673d2230222075736564656661756c7469646473686170653d2230222073656c65637461626c653d2231222073686f7773656c656374696f6e68616e646c65733d22302220616c6c6f776e756467696e673d223122206973616e6e6f746174696f6e3d22302220646f6e746175746f6c61796f75743d2230222067726f7570636f6c6c61707365643d2230222074616273746f703d2231222076697369626c653d22312220736e6170746f677269643d2231223e3c636f6e74726f6c3e3c646473786d6c6f626a65637473747265616d696e6974777261707065722062696e6172793d22323134333334313230383030303030303064313930303030623230363030303037383536333431323037303030303030313430313030303036313030363930303732303035663030373030303666303036633030366330303735303037343030363930303666303036653030356630303633303036633030363130303733303037333030303030306430636634663366643764363536336665366535363533663030303038303366303030303830336630303030383033666633663237323366396539643164336630303030383033663333333333333366303030303030303030303030303030303030303030303030653165303630336436363636363633663030303030303030303030303030303030303030303030306331633034303363303030303830336630303030303030303030303030303030303030303030303030303030303030306266663466646666626666346664666662666634666466666266663466646666626666346664666662666634666466666266663466646666626666346664666662666634666466666266663466646666626666346664666662666634666466666266663466646666626666346664666662666634666466666266663466646666626666346664666662666634666466666266663466646666626666346664666662666634666466666266663466646666626666346664666662666634666466666266663466646666626666343030303030303030303030303030303030303030303130303030303030353030303030303534303030303030326330303030303032633030303030303263303030303030333430303030303030303030303030303030303030303030383333333030303063313134303030303030303030303030326430313030303030373030303030303063303030303030303730303030303031633031303030303934306230303030373830393030303033383034303030303430303530303030613830333030303035343036303030306530303730303030626330343030303065303037303030306663303930303030643830363030303030303030303030303031303030303030306431393030303062323036303030303030303030303030303130303030303030313030303030303032303030303030303230303030303031633031303030303834306330303030303030303030303030313030303030303762313730303030323030353030303030303030303030303031303030303030303130303030303030323030303030303032303030303030316330313030303039343062303030303031303030303030303030303030303037623137303030306535303230303030303030303030303030303030303030303030303030303030303230303030303030323030303030303163303130303030393430623030303030303030303030303030303030303030616333653030303032363232303030303030303030303030303030303030303030643030303030303034303030303030303430303030303031633031303030303934306230303030623030643030303037303038303030303738353633343132303430303030303037303030303030303031303030303030303130303030303030623030303030303030303030303030303130303030303030323030303030303033303030303030303430303030303030353030303030303036303030303030303730303030303030383030303030303039303030303030306130303030303030343030303030303634303036323030366630303030303031343030303030303631303036393030373230303566303037303030366630303663303036633030373530303734303036393030366630303665303035663030363330303663303036313030373330303733303030303030222f3e3c2f636f6e74726f6c3e3c6c61796f75746f626a6563743e3c646473786d6c6f626a3e3c70726f7065727479206e616d653d224163746976655461626c65566965774d6f6465222076616c75653d22312220766172747970653d2238222f3e3c70726f7065727479206e616d653d225461626c65566965774d6f64653a30222076616c75653d22342c302c3238342c302c323936342c312c323432342c352c313632302220766172747970653d2238222f3e3c70726f7065727479206e616d653d225461626c65566965774d6f64653a31222076616c75653d22322c302c3238342c302c333230342220766172747970653d2238222f3e3c70726f7065727479206e616d653d225461626c65566965774d6f64653a32222076616c75653d22322c302c3238342c302c323936342220766172747970653d2238222f3e3c70726f7065727479206e616d653d225461626c65566965774d6f64653a33222076616c75653d22322c302c3238342c302c323936342220766172747970653d2238222f3e3c70726f7065727479206e616d653d225461626c65566965774d6f64653a34222076616c75653d22342c302c3238342c302c323936342c31322c333530342c31312c323136302220766172747970653d2238222f3e3c2f646473786d6c6f626a3e3c2f6c61796f75746f626a6563743e3c73686170652067726f7570736861706569643d2230222067726f75706e6f64653d2230222f3e3c2f646473636f6e74726f6c3e3c646473636f6e74726f6c20636f6e74726f6c70726f6769643d227b36323341433037352d324337372d343837332d383833442d3933304234333634423442437d2220746f6f6c7469703d2261746d6f737068657269635f707265737375726522206c6566743d2232333535302220746f703d22313333353022206c6f676963616c69643d22332220636f6e74726f6c69643d223322206d617374657269643d2230222068696e74313d2230222068696e74323d2230222077696474683d223634313322206865696768743d223137313422206e6f726573697a653d223022206e6f6d6f76653d223022206e6f64656661756c74617474616368706f696e74733d223022206175746f647261673d2230222075736564656661756c7469646473686170653d2230222073656c65637461626c653d2231222073686f7773656c656374696f6e68616e646c65733d22302220616c6c6f776e756467696e673d223122206973616e6e6f746174696f6e3d22302220646f6e746175746f6c61796f75743d2230222067726f7570636f6c6c61707365643d2230222074616273746f703d2231222076697369626c653d22312220736e6170746f677269643d2231223e3c636f6e74726f6c3e3c646473786d6c6f626a65637473747265616d696e6974777261707065722062696e6172793d2232313433333431323038303030303030306431393030303062323036303030303738353633343132303730303030303031343031303030303631303037343030366430303666303037333030373030303638303036353030373230303639303036333030356630303730303037323030363530303733303037333030373530303732303036353030303030303536336664636462356233666561653936393366303030303830336632663030346430303639303036333030373230303666303037333030366630303636303037343030323030303533303035313030346330303230303035333030363530303732303037363030363530303732303032303030346430303631303036653030363130303637303036353030366430303635303036653030373430303230303035333030373430303735303036343030363930303666303032303030333130303338303032663030343330303666303036643030366430303666303036653030333730303266303034393030343430303435303032663030373230303735303032643030353230303535303032663030346430303639303036333030373230303666303037333030366630303636303037343030326530303465303036353030373430303435303036653030373430303635303037323030373030303732303036393030373330303635303035333030363530303732303037363030363530303732303037333030303030303030303030303030303030303030303030313030303030303035303030303030353430303030303032633030303030303263303030303030326330303030303033343030303030303030303030303030303030303030303038333333303030306331313430303030303030303030303032643031303030303037303030303030306330303030303030373030303030303163303130303030393430623030303037383039303030303338303430303030343030353030303061383033303030303534303630303030653030373030303062633034303030306530303730303030666330393030303064383036303030303030303030303030303130303030303030643139303030306232303630303030303030303030303030313030303030303031303030303030303230303030303030323030303030303163303130303030383430633030303030303030303030303031303030303030376231373030303032303035303030303030303030303030303130303030303030313030303030303032303030303030303230303030303031633031303030303934306230303030303130303030303030303030303030303762313730303030653530323030303030303030303030303030303030303030303030303030303030323030303030303032303030303030316330313030303039343062303030303030303030303030303030303030303061633365303030303236323230303030303030303030303030303030303030303064303030303030303430303030303030343030303030303163303130303030393430623030303062303064303030303730303830303030373835363334313230343030303030303732303030303030303130303030303030313030303030303062303030303030303030303030303030313030303030303032303030303030303330303030303030343030303030303035303030303030303630303030303030373030303030303038303030303030303930303030303030613030303030303034303030303030363430303632303036663030303030303135303030303030363130303734303036643030366630303733303037303030363830303635303037323030363930303633303035663030373030303732303036353030373330303733303037353030373230303635303030303030222f3e3c2f636f6e74726f6c3e3c6c61796f75746f626a6563743e3c646473786d6c6f626a3e3c70726f7065727479206e616d653d224163746976655461626c65566965774d6f6465222076616c75653d22312220766172747970653d2238222f3e3c70726f7065727479206e616d653d225461626c65566965774d6f64653a30222076616c75653d22342c302c3238342c302c323936342c312c323432342c352c313632302220766172747970653d2238222f3e3c70726f7065727479206e616d653d225461626c65566965774d6f64653a31222076616c75653d22322c302c3238342c302c333230342220766172747970653d2238222f3e3c70726f7065727479206e616d653d225461626c65566965774d6f64653a32222076616c75653d22322c302c3238342c302c323936342220766172747970653d2238222f3e3c70726f7065727479206e616d653d225461626c65566965774d6f64653a33222076616c75653d22322c302c3238342c302c323936342220766172747970653d2238222f3e3c70726f7065727479206e616d653d225461626c65566965774d6f64653a34222076616c75653d22342c302c3238342c302c323936342c31322c333530342c31312c323136302220766172747970653d2238222f3e3c2f646473786d6c6f626a3e3c2f6c61796f75746f626a6563743e3c73686170652067726f7570736861706569643d2230222067726f75706e6f64653d2230222f3e3c2f646473636f6e74726f6c3e3c646473636f6e74726f6c20636f6e74726f6c70726f6769643d227b36323341433037352d324337372d343837332d383833442d3933304234333634423442437d2220746f6f6c7469703d22636f6d706f736974696f6e5f6f665f706f70756c6174696f6e22206c6566743d2233303930302220746f703d223237303022206c6f676963616c69643d22342220636f6e74726f6c69643d223422206d617374657269643d2230222068696e74313d2230222068696e74323d2230222077696474683d223638353822206865696768743d223334393222206e6f726573697a653d223022206e6f6d6f76653d223022206e6f64656661756c74617474616368706f696e74733d223022206175746f647261673d2230222075736564656661756c7469646473686170653d2230222073656c65637461626c653d2231222073686f7773656c656374696f6e68616e646c65733d22302220616c6c6f776e756467696e673d223122206973616e6e6f746174696f6e3d22302220646f6e746175746f6c61796f75743d2230222067726f7570636f6c6c61707365643d2230222074616273746f703d2231222076697369626c653d22312220736e6170746f677269643d2231223e3c636f6e74726f6c3e3c646473786d6c6f626a65637473747265616d696e6974777261707065722062696e6172793d22323134333334313230383030303030306361316130303030613430643030303037383536333431323037303030303030313430313030303036333030366630303664303037303030366630303733303036393030373430303639303036663030366530303566303036663030363630303566303037303030366630303730303037353030366330303631303037343030363930303666303036653030303030303030303038303366303030303830336661356134323433656535653436343365616261616161336530303030383033663230303035333030353130303463303032303030353330303635303037323030373630303635303037323030323030303464303036313030366530303631303036373030363530303664303036353030366530303734303032303030353330303734303037353030363430303639303036663030323030303331303033383030326630303433303036663030366430303664303036663030366530303337303032663030343930303434303034353030326630303732303037353030326430303532303035353030326630303464303036393030363330303732303036663030373330303666303036363030373430303265303034653030363530303734303034353030366530303734303036353030373230303730303037323030363930303733303036353030353330303635303037323030373630303635303037323030373330303030303030303030303030303030303030303030303130303030303030353030303030303534303030303030326330303030303032633030303030303263303030303030333430303030303030303030303030303030303030303030383333333030303063313134303030303030303030303030326430313030303030373030303030303063303030303030303730303030303031633031303030303934306230303030373830393030303033383034303030303430303530303030613830333030303035343036303030306530303730303030626330343030303065303037303030306663303930303030643830363030303030303030303030303031303030303030636131613030303061343064303030303030303030303030303430303030303030343030303030303032303030303030303230303030303031633031303030303830306430303030303030303030303030313030303030303762313730303030323030353030303030303030303030303031303030303030303130303030303030323030303030303032303030303030316330313030303039343062303030303031303030303030303030303030303037623137303030306535303230303030303030303030303030303030303030303030303030303030303230303030303030323030303030303163303130303030393430623030303030303030303030303030303030303030616333653030303032363232303030303030303030303030303030303030303030643030303030303034303030303030303430303030303031633031303030303934306230303030623030643030303037303038303030303738353633343132303430303030303037633030303030303031303030303030303130303030303030623030303030303030303030303030303130303030303030323030303030303033303030303030303430303030303030353030303030303036303030303030303730303030303030383030303030303039303030303030306130303030303030343030303030303634303036323030366630303030303031613030303030303633303036663030366430303730303036663030373330303639303037343030363930303666303036653030356630303666303036363030356630303730303036663030373030303735303036633030363130303734303036393030366630303665303030303030222f3e3c2f636f6e74726f6c3e3c6c61796f75746f626a6563743e3c646473786d6c6f626a3e3c70726f7065727479206e616d653d224163746976655461626c65566965774d6f6465222076616c75653d22312220766172747970653d2238222f3e3c70726f7065727479206e616d653d225461626c65566965774d6f64653a30222076616c75653d22342c302c3238342c302c323936342c312c323432342c352c313632302220766172747970653d2238222f3e3c70726f7065727479206e616d653d225461626c65566965774d6f64653a31222076616c75653d22322c302c3238342c302c333435362220766172747970653d2238222f3e3c70726f7065727479206e616d653d225461626c65566965774d6f64653a32222076616c75653d22322c302c3238342c302c323936342220766172747970653d2238222f3e3c70726f7065727479206e616d653d225461626c65566965774d6f64653a33222076616c75653d22322c302c3238342c302c323936342220766172747970653d2238222f3e3c70726f7065727479206e616d653d225461626c65566965774d6f64653a34222076616c75653d22342c302c3238342c302c323936342c31322c333530342c31312c323136302220766172747970653d2238222f3e3c2f646473786d6c6f626a3e3c2f6c61796f75746f626a6563743e3c73686170652067726f7570736861706569643d2230222067726f75706e6f64653d2230222f3e3c2f646473636f6e74726f6c3e3c646473636f6e74726f6c20636f6e74726f6c70726f6769643d227b36323341433037352d324337372d343837332d383833442d3933304234333634423442437d2220746f6f6c7469703d2265636f6c6f67795f737461746522206c6566743d22313035302220746f703d223931353022206c6f676963616c69643d22352220636f6e74726f6c69643d223522206d617374657269643d2230222068696e74313d2230222068696e74323d2230222077696474683d223638353822206865696768743d223430383522206e6f726573697a653d223022206e6f6d6f76653d223022206e6f64656661756c74617474616368706f696e74733d223022206175746f647261673d2230222075736564656661756c7469646473686170653d2230222073656c65637461626c653d2231222073686f7773656c656374696f6e68616e646c65733d22302220616c6c6f776e756467696e673d223122206973616e6e6f746174696f6e3d22302220646f6e746175746f6c61796f75743d2230222067726f7570636f6c6c61707365643d2230222074616273746f703d2231222076697369626c653d22312220736e6170746f677269643d2231223e3c636f6e74726f6c3e3c646473786d6c6f626a65637473747265616d696e6974777261707065722062696e6172793d22323134333334313230383030303030306361316130303030663530663030303037383536333431323037303030303030313430313030303036353030363330303666303036633030366630303637303037393030356630303733303037343030363130303734303036353030303030303965396431643366303030303830336630303030303033663030303038303366663366323732336639653964316433663030303038303366303030303830336630303030383033666633663237323366396539643164336630303030383033663030303030303030303130303030303030313030303030303030303030303030303030303030303030303030303030303030303030303030303030303030303030303030303030303030303030303030303030303030303030303030303030303030303030303030303030303030303030303030303030303030303066303366303030303030303030303030303030306638313663623539303030303030303030303030303030306634313763623539323062336362353934383332313633343438333231363334303230303030303030323030303030303030303030303030303030303030303030303030303030303030303030303030303230303030303063646363346333666364636334633366636463633463336633333333623334313637363661366331636463633463336630303030303030303030303030303030303030303030303030303030303030303030303030303030303130303030303030353030303030303534303030303030326330303030303032633030303030303263303030303030333430303030303030303030303030303030303030303030383333333030303063313134303030303030303030303030326430313030303030373030303030303063303030303030303730303030303031633031303030303934306230303030373830393030303033383034303030303430303530303030613830333030303035343036303030306530303730303030626330343030303065303037303030306663303930303030643830363030303030303030303030303031303030303030636131613030303066353066303030303030303030303030303530303030303030353030303030303032303030303030303230303030303031633031303030303830306430303030303030303030303030313030303030303762313730303030393730393030303030303030303030303033303030303030303330303030303030323030303030303032303030303030316330313030303039343062303030303031303030303030303030303030303037623137303030306535303230303030303030303030303030303030303030303030303030303030303230303030303030323030303030303163303130303030393430623030303030303030303030303030303030303030616333653030303032363232303030303030303030303030303030303030303030643030303030303034303030303030303430303030303031633031303030303934306230303030623030643030303037303038303030303738353633343132303430303030303036343030303030303031303030303030303130303030303030623030303030303030303030303030303130303030303030323030303030303033303030303030303430303030303030353030303030303036303030303030303730303030303030383030303030303039303030303030306130303030303030343030303030303634303036323030366630303030303030653030303030303635303036333030366630303663303036663030363730303739303035663030373330303734303036313030373430303635303030303030222f3e3c2f636f6e74726f6c3e3c6c61796f75746f626a6563743e3c646473786d6c6f626a3e3c70726f7065727479206e616d653d224163746976655461626c65566965774d6f6465222076616c75653d22312220766172747970653d2238222f3e3c70726f7065727479206e616d653d225461626c65566965774d6f64653a30222076616c75653d22342c302c3238342c302c323936342c312c323432342c352c313632302220766172747970653d2238222f3e3c70726f7065727479206e616d653d225461626c65566965774d6f64653a31222076616c75653d22322c302c3238342c302c333435362220766172747970653d2238222f3e3c70726f7065727479206e616d653d225461626c65566965774d6f64653a32222076616c75653d22322c302c3238342c302c323936342220766172747970653d2238222f3e3c70726f7065727479206e616d653d225461626c65566965774d6f64653a33222076616c75653d22322c302c3238342c302c323936342220766172747970653d2238222f3e3c70726f7065727479206e616d653d225461626c65566965774d6f64653a34222076616c75653d22342c302c3238342c302c323936342c31322c333530342c31312c323136302220766172747970653d2238222f3e3c2f646473786d6c6f626a3e3c2f6c61796f75746f626a6563743e3c73686170652067726f7570736861706569643d2230222067726f75706e6f64653d2230222f3e3c2f646473636f6e74726f6c3e3c646473636f6e74726f6c2073656d616e746963636f6f6b69653d223031346639383530303130303030303036343030363230303666303030303030343630303462303035663030363530303633303036663030366330303666303036373030373930303566303037333030373430303631303037343030363530303566303036313030363930303732303035663030373030303666303036633030366330303735303037343030363930303666303036653030356630303633303036633030363130303733303037333030303030302220636f6e74726f6c70726f6769643d224d534444532e506f6c796c696e652e3038302e312220746f6f6c7469703d22d0a1d0b2d18fd0b7d18c202671756f743b464b5f65636f6c6f67795f73746174655f6169725f706f6c6c7574696f6e5f636c6173732671756f743b20d0bcd0b5d0b6d0b4d183202671756f743b6169725f706f6c6c7574696f6e5f636c6173732671756f743b20d0b8202671756f743b65636f6c6f67795f73746174652671756f743b22206c6566743d22313639332220746f703d223239363922206c6f676963616c69643d22362220636f6e74726f6c69643d223622206d617374657269643d2230222068696e74313d2230222068696e74323d2230222077696474683d2238313522206865696768743d223638383122206e6f726573697a653d223022206e6f6d6f76653d223022206e6f64656661756c74617474616368706f696e74733d223122206175746f647261673d2230222075736564656661756c7469646473686170653d2230222073656c65637461626c653d2231222073686f7773656c656374696f6e68616e646c65733d22302220616c6c6f776e756467696e673d223122206973616e6e6f746174696f6e3d22302220646f6e746175746f6c61796f75743d2230222067726f7570636f6c6c61707365643d2230222074616273746f703d2231222076697369626c653d22312220736e6170746f677269643d2230223e3c636f6e74726f6c3e3c646473786d6c6f626a3e3c706f6c796c696e6520656e64747970656473743d22302220656e64747970657372633d2232222075736572636f6c6f723d22313537393033323022206c696e657374796c653d223022206c696e6572656e6465723d22302220637573746f6d656e647479706564737469643d22302220637573746f6d656e647479706573726369643d2230222061646f726e7376697369626c653d2231223e3c61646f726e6d656e742070657263656e74706f733d2234392e393736363638323232313138352220636f6e74726f6c69643d2237222077696474683d223438363722206865696768743d223333392220736964653d223022206265686176696f723d2233222068696d65747269633d223237343122206469737466726f6d6c696e653d22313735222073746172746f626a3d22302220783d222d323934322220793d2236323335222076697369626c653d22302220616c6c6f776f7665726c61703d2231222075736570657263656e743d2231222f3e3c2f706f6c796c696e653e3c2f646473786d6c6f626a3e3c2f636f6e74726f6c3e3c6c61796f75746f626a6563743e3c646473786d6c6f626a2f3e3c2f6c61796f75746f626a6563743e3c636f6e6e6563746f7220736f7572636569643d223222206465737469643d22352220736f75726365617474616368706f696e743d2231222064657374617474616368706f696e743d22313222207365676d656e74656469746d6f64653d2230222062656e64706f696e74656469746d6f64653d2230222062656e64706f696e747669736962696c6974793d2230222072656c6174656469643d223022207669727475616c3d2230223e3c706f696e7420783d22323130302220793d2233363634222f3e3c706f696e7420783d22323130302220793d2239313530222f3e3c2f636f6e6e6563746f723e3c2f646473636f6e74726f6c3e3c646473636f6e74726f6c2073656d616e746963636f6f6b69653d22303137653135323631303765313532362220636f6e74726f6c70726f6769643d224d534444532e546578742e3038302e3122206c6566743d222d323934322220746f703d223632333522206c6f676963616c69643d22372220636f6e74726f6c69643d223722206d617374657269643d2236222068696e74313d2230222068696e74323d2230222077696474683d223438363722206865696768743d2233333922206e6f726573697a653d223122206e6f6d6f76653d223022206e6f64656661756c74617474616368706f696e74733d223122206175746f647261673d2231222075736564656661756c7469646473686170653d2231222073656c65637461626c653d2231222073686f7773656c656374696f6e68616e646c65733d22312220616c6c6f776e756467696e673d223122206973616e6e6f746174696f6e3d22302220646f6e746175746f6c61796f75743d2231222067726f7570636f6c6c61707365643d2230222074616273746f703d2230222076697369626c653d22302220736e6170746f677269643d2230223e3c636f6e74726f6c3e3c646473786d6c6f626a65637473747265616d696e6974777261707065722062696e6172793d223030303230303030303331333030303035333031303030303033303030303030303030303035303030303830303830303030383030313030303030303135303030316363303030303930303162303330303130303036353436313638366636643631323430303436303034623030356630303635303036333030366630303663303036663030363730303739303035663030373330303734303036313030373430303635303035663030363130303639303037323030356630303730303036663030366330303663303037353030373430303639303036663030366530303566303036333030366330303631303037333030373330303030303030303030222f3e3c2f636f6e74726f6c3e3c6c61796f75746f626a6563743e3c646473786d6c6f626a2f3e3c2f6c61796f75746f626a6563743e3c73686170652067726f7570736861706569643d2230222067726f75706e6f64653d2230222f3e3c2f646473636f6e74726f6c3e3c646473636f6e74726f6c20636f6e74726f6c70726f6769643d227b36323341433037352d324337372d343837332d383833442d3933304234333634423442437d2220746f6f6c7469703d22706f70756c6174696f6e22206c6566743d2232323635302220746f703d223732303022206c6f676963616c69643d22382220636f6e74726f6c69643d223822206d617374657269643d2230222068696e74313d2230222068696e74323d2230222077696474683d223638353822206865696768743d223334393222206e6f726573697a653d223022206e6f6d6f76653d223022206e6f64656661756c74617474616368706f696e74733d223022206175746f647261673d2230222075736564656661756c7469646473686170653d2230222073656c65637461626c653d2231222073686f7773656c656374696f6e68616e646c65733d22302220616c6c6f776e756467696e673d223122206973616e6e6f746174696f6e3d22302220646f6e746175746f6c61796f75743d2230222067726f7570636f6c6c61707365643d2230222074616273746f703d2231222076697369626c653d22312220736e6170746f677269643d2231223e3c636f6e74726f6c3e3c646473786d6c6f626a65637473747265616d696e6974777261707065722062696e6172793d22323134333334313230383030303030306361316130303030613430643030303037383536333431323037303030303030313430313030303037303030366630303730303037353030366330303631303037343030363930303666303036653030303030303536336664636462356233666561653936393366303030303830336630303030383033666437643635363366646364623562336665616539363933663030303038303366326630303464303036393030363330303732303036663030373330303666303036363030373430303230303035333030353130303463303032303030353330303635303037323030373630303635303037323030323030303464303036313030366530303631303036373030363530303664303036353030366530303734303032303030353330303734303037353030363430303639303036663030323030303331303033383030326630303433303036663030366430303664303036663030366530303337303032663030343930303434303034353030326630303732303037353030326430303532303035353030326630303464303036393030363330303732303036663030373330303666303036363030373430303265303034653030363530303734303034353030366530303734303036353030373230303730303037323030363930303733303036353030353330303635303037323030373630303635303037323030373330303030303030303030303030303030303030303030303130303030303030353030303030303534303030303030326330303030303032633030303030303263303030303030333430303030303030303030303030303030303030303030383333333030303063313134303030303030303030303030326430313030303030373030303030303063303030303030303730303030303031633031303030303934306230303030373830393030303033383034303030303430303530303030613830333030303035343036303030306530303730303030626330343030303065303037303030306663303930303030643830363030303030303030303030303031303030303030636131613030303061343064303030303030303030303030303430303030303030343030303030303032303030303030303230303030303031633031303030303830306430303030303030303030303030313030303030303762313730303030356330373030303030303030303030303032303030303030303230303030303030323030303030303032303030303030316330313030303039343062303030303031303030303030303030303030303037623137303030306535303230303030303030303030303030303030303030303030303030303030303230303030303030323030303030303163303130303030393430623030303030303030303030303030303030303030616333653030303032363232303030303030303030303030303030303030303030643030303030303034303030303030303430303030303031633031303030303934306230303030623030643030303037303038303030303738353633343132303430303030303035653030303030303031303030303030303130303030303030623030303030303030303030303030303130303030303030323030303030303033303030303030303430303030303030353030303030303036303030303030303730303030303030383030303030303039303030303030306130303030303030343030303030303634303036323030366630303030303030623030303030303730303036663030373030303735303036633030363130303734303036393030366630303665303030303030222f3e3c2f636f6e74726f6c3e3c6c61796f75746f626a6563743e3c646473786d6c6f626a3e3c70726f7065727479206e616d653d224163746976655461626c65566965774d6f6465222076616c75653d22312220766172747970653d2238222f3e3c70726f7065727479206e616d653d225461626c65566965774d6f64653a30222076616c75653d22342c302c3238342c302c323936342c312c323432342c352c313632302220766172747970653d2238222f3e3c70726f7065727479206e616d653d225461626c65566965774d6f64653a31222076616c75653d22322c302c3238342c302c333435362220766172747970653d2238222f3e3c70726f7065727479206e616d653d225461626c65566965774d6f64653a32222076616c75653d22322c302c3238342c302c323936342220766172747970653d2238222f3e3c70726f7065727479206e616d653d225461626c65566965774d6f64653a33222076616c75653d22322c302c3238342c302c323936342220766172747970653d2238222f3e3c70726f7065727479206e616d653d225461626c65566965774d6f64653a34222076616c75653d22342c302c3238342c302c323936342c31322c333530342c31312c323136302220766172747970653d2238222f3e3c2f646473786d6c6f626a3e3c2f6c61796f75746f626a6563743e3c73686170652067726f7570736861706569643d2230222067726f75706e6f64653d2230222f3e3c2f646473636f6e74726f6c3e3c646473636f6e74726f6c20636f6e74726f6c70726f6769643d227b36323341433037352d324337372d343837332d383833442d3933304234333634423442437d2220746f6f6c7469703d2270726563697069746174696f6e22206c6566743d2233303735302220746f703d22313032303022206c6f676963616c69643d2231312220636f6e74726f6c69643d22313122206d617374657269643d2230222068696e74313d2230222068696e74323d2230222077696474683d223634313322206865696768743d223137313422206e6f726573697a653d223022206e6f6d6f76653d223022206e6f64656661756c74617474616368706f696e74733d223022206175746f647261673d2230222075736564656661756c7469646473686170653d2230222073656c65637461626c653d2231222073686f7773656c656374696f6e68616e646c65733d22302220616c6c6f776e756467696e673d223122206973616e6e6f746174696f6e3d22302220646f6e746175746f6c61796f75743d2230222067726f7570636f6c6c61707365643d2230222074616273746f703d2231222076697369626c653d22312220736e6170746f677269643d2231223e3c636f6e74726f6c3e3c646473786d6c6f626a65637473747265616d696e6974777261707065722062696e6172793d22323134333334313230383030303030303064313930303030623230363030303037383536333431323037303030303030313430313030303037303030373230303635303036333030363930303730303036393030373430303631303037343030363930303666303036653030303030306561653936393366303030303830336630303030383033666437643635363366646364623562336665616539363933663030303038303366303030303030303030303030303030303030303030303030303030303030303030303030303030303030303030303030303030303030303030303030303030303030303030303030303030303030303030303030303030303030303030303030303030303030303030303030303030303030303030303030303030303030303030303030303030303030303030303030303030303030303030303030303030303030303030303030303030303030303030303030303030303030303030303030303030303030303030303030303030303030303030303030303030303030303030303030303030303030303030303030303030303030303030303030303030303030303030303030303030303030303030303030303030303030303030303030303030303030303030303030303030303030303030303030303030303030303030303030303030303030303030303030303030303030303030303030303030303030303030303030303030303030303030303030303030303030303030303030303130303030303030353030303030303534303030303030326330303030303032633030303030303263303030303030333430303030303030303030303030303030303030303030383333333030303063313134303030303030303030303030326430313030303030373030303030303063303030303030303730303030303031633031303030303934306230303030373830393030303033383034303030303430303530303030613830333030303035343036303030306530303730303030626330343030303065303037303030306663303930303030643830363030303030303030303030303031303030303030306431393030303062323036303030303030303030303030303130303030303030313030303030303032303030303030303230303030303031633031303030303834306330303030303030303030303030313030303030303762313730303030323030353030303030303030303030303031303030303030303130303030303030323030303030303032303030303030316330313030303039343062303030303031303030303030303030303030303037623137303030306535303230303030303030303030303030303030303030303030303030303030303230303030303030323030303030303163303130303030393430623030303030303030303030303030303030303030616333653030303032363232303030303030303030303030303030303030303030643030303030303034303030303030303430303030303031633031303030303934306230303030623030643030303037303038303030303738353633343132303430303030303036343030303030303031303030303030303130303030303030623030303030303030303030303030303130303030303030323030303030303033303030303030303430303030303030353030303030303036303030303030303730303030303030383030303030303039303030303030306130303030303030343030303030303634303036323030366630303030303030653030303030303730303037323030363530303633303036393030373030303639303037343030363130303734303036393030366630303665303030303030222f3e3c2f636f6e74726f6c3e3c6c61796f75746f626a6563743e3c646473786d6c6f626a3e3c70726f7065727479206e616d653d224163746976655461626c65566965774d6f6465222076616c75653d22312220766172747970653d2238222f3e3c70726f7065727479206e616d653d225461626c65566965774d6f64653a30222076616c75653d22342c302c3238342c302c323936342c312c323432342c352c313632302220766172747970653d2238222f3e3c70726f7065727479206e616d653d225461626c65566965774d6f64653a31222076616c75653d22322c302c3238342c302c333230342220766172747970653d2238222f3e3c70726f7065727479206e616d653d225461626c65566965774d6f64653a32222076616c75653d22322c302c3238342c302c323936342220766172747970653d2238222f3e3c70726f7065727479206e616d653d225461626c65566965774d6f64653a33222076616c75653d22322c302c3238342c302c323936342220766172747970653d2238222f3e3c70726f7065727479206e616d653d225461626c65566965774d6f64653a34222076616c75653d22342c302c3238342c302c323936342c31322c333530342c31312c323136302220766172747970653d2238222f3e3c2f646473786d6c6f626a3e3c2f6c61796f75746f626a6563743e3c73686170652067726f7570736861706569643d2230222067726f75706e6f64653d2230222f3e3c2f646473636f6e74726f6c3e3c646473636f6e74726f6c20636f6e74726f6c70726f6769643d227b36323341433037352d324337372d343837332d383833442d3933304234333634423442437d2220746f6f6c7469703d22726567696f6e22206c6566743d2231333035302220746f703d223138303022206c6f676963616c69643d2231322220636f6e74726f6c69643d22313222206d617374657269643d2230222068696e74313d2230222068696e74323d2230222077696474683d223638353822206865696768743d223532373022206e6f726573697a653d223022206e6f6d6f76653d223022206e6f64656661756c74617474616368706f696e74733d223022206175746f647261673d2230222075736564656661756c7469646473686170653d2230222073656c65637461626c653d2231222073686f7773656c656374696f6e68616e646c65733d22302220616c6c6f776e756467696e673d223122206973616e6e6f746174696f6e3d22302220646f6e746175746f6c61796f75743d2230222067726f7570636f6c6c61707365643d2230222074616273746f703d2231222076697369626c653d22312220736e6170746f677269643d2231223e3c636f6e74726f6c3e3c646473786d6c6f626a65637473747265616d696e6974777261707065722062696e6172793d223231343333343132303830303030303063613161303030303936313430303030373835363334313230373030303030303134303130303030373230303635303036373030363930303666303036653030303030303030303030303030303030303030303030303030303030303030303030303030303030303030303030303030303030303030303030303030303030303030303030303030303030303030303030303030303030303030303030303030303030303030303030303030303030303030303030303030303030303030303030303030303030303030303030303030303030303030303030303030303030303030303030303030303030303030303030303030303030303030303030303030303030303030303030303030303030303030303030303030303030303030303030303030303030303030303030303030303030303030303030303030303030303030303030303030303030303030303030303030303030303030303030303030303030303030303030303030303030303030303030303030303030303030303030303030303030303030303030303030303030303030303030303030303030303030303030303030303030303030303030303030303030303030303030303030303030303030303030303030303030303030303030303030303030303030303030303030303030303030303030303030303030303030303030303030303030303030303030303030303030303030303030303030303030303031303030303030303530303030303035343030303030303263303030303030326330303030303032633030303030303334303030303030303030303030303030303030303030303833333330303030333831393030303030303030303030303264303130303030303930303030303030633030303030303037303030303030316330313030303039343062303030303738303930303030333830343030303034303035303030306138303330303030353430363030303065303037303030306263303430303030653030373030303066633039303030306438303630303030303030303030303030313030303030306361316130303030393631343030303030303030303030303037303030303030303730303030303030323030303030303032303030303030316330313030303038303064303030303030303030303030303130303030303037623137303030306433306230303030303030303030303030343030303030303034303030303030303230303030303030323030303030303163303130303030393430623030303030313030303030303030303030303030376231373030303065353032303030303030303030303030303030303030303030303030303030303032303030303030303230303030303031633031303030303934306230303030303030303030303030303030303030306163336530303030323632323030303030303030303030303030303030303030306430303030303030343030303030303034303030303030316330313030303039343062303030306230306430303030373030383030303037383536333431323034303030303030353630303030303030313030303030303031303030303030306230303030303030303030303030303031303030303030303230303030303030333030303030303034303030303030303530303030303030363030303030303037303030303030303830303030303030393030303030303061303030303030303430303030303036343030363230303666303030303030303730303030303037323030363530303637303036393030366630303665303030303030222f3e3c2f636f6e74726f6c3e3c6c61796f75746f626a6563743e3c646473786d6c6f626a3e3c70726f7065727479206e616d653d224163746976655461626c65566965774d6f6465222076616c75653d22312220766172747970653d2238222f3e3c70726f7065727479206e616d653d225461626c65566965774d6f64653a30222076616c75653d22342c302c3238342c302c323936342c312c323432342c352c313632302220766172747970653d2238222f3e3c70726f7065727479206e616d653d225461626c65566965774d6f64653a31222076616c75653d22322c302c3238342c302c333435362220766172747970653d2238222f3e3c70726f7065727479206e616d653d225461626c65566965774d6f64653a32222076616c75653d22322c302c3238342c302c323936342220766172747970653d2238222f3e3c70726f7065727479206e616d653d225461626c65566965774d6f64653a33222076616c75653d22322c302c3238342c302c323936342220766172747970653d2238222f3e3c70726f7065727479206e616d653d225461626c65566965774d6f64653a34222076616c75653d22342c302c3238342c302c323936342c31322c333530342c31312c323136302220766172747970653d2238222f3e3c2f646473786d6c6f626a3e3c2f6c61796f75746f626a6563743e3c73686170652067726f7570736861706569643d2230222067726f75706e6f64653d2230222f3e3c2f646473636f6e74726f6c3e3c646473636f6e74726f6c2073656d616e746963636f6f6b69653d2230313034336630343031303030303030363430303632303036663030303030303436303034623030356630303732303036353030363730303639303036663030366530303566303036353030363330303666303036633030366630303637303037393030356630303733303037343030363130303734303036353030303030302220636f6e74726f6c70726f6769643d224d534444532e506f6c796c696e652e3038302e312220746f6f6c7469703d22d0a1d0b2d18fd0b7d18c202671756f743b464b5f726567696f6e5f65636f6c6f67795f73746174652671756f743b20d0bcd0b5d0b6d0b4d183202671756f743b65636f6c6f67795f73746174652671756f743b20d0b8202671756f743b726567696f6e2671756f743b22206c6566743d22373630382220746f703d223135373122206c6f676963616c69643d2231332220636f6e74726f6c69643d22313322206d617374657269643d2230222068696e74313d2230222068696e74323d2230222077696474683d223537343222206865696768743d22313138383722206e6f726573697a653d223022206e6f6d6f76653d223022206e6f64656661756c74617474616368706f696e74733d223122206175746f647261673d2230222075736564656661756c7469646473686170653d2230222073656c65637461626c653d2231222073686f7773656c656374696f6e68616e646c65733d22302220616c6c6f776e756467696e673d223122206973616e6e6f746174696f6e3d22302220646f6e746175746f6c61796f75743d2230222067726f7570636f6c6c61707365643d2230222074616273746f703d2231222076697369626c653d22312220736e6170746f677269643d2230223e3c636f6e74726f6c3e3c646473786d6c6f626a3e3c706f6c796c696e6520656e64747970656473743d22302220656e64747970657372633d2232222075736572636f6c6f723d22313537393033323022206c696e657374796c653d223022206c696e6572656e6465723d22302220637573746f6d656e647479706564737469643d22302220637573746f6d656e647479706573726369643d2230222061646f726e7376697369626c653d2231223e3c61646f726e6d656e742070657263656e74706f733d2234392e393231363731303138323736382220636f6e74726f6c69643d223134222077696474683d223332373622206865696768743d223333392220736964653d223022206265686176696f723d2233222068696d65747269633d223831303822206469737466726f6d6c696e653d22313735222073746172746f626a3d22302220783d2231313732352220793d2238373539222076697369626c653d22302220616c6c6f776f7665726c61703d2231222075736570657263656e743d2231222f3e3c2f706f6c796c696e653e3c2f646473786d6c6f626a3e3c2f636f6e74726f6c3e3c6c61796f75746f626a6563743e3c646473786d6c6f626a2f3e3c2f6c61796f75746f626a6563743e3c636f6e6e6563746f7220736f7572636569643d223522206465737469643d2231322220736f75726365617474616368706f696e743d22313339222064657374617474616368706f696e743d22383822207365676d656e74656469746d6f64653d2230222062656e64706f696e74656469746d6f64653d2230222062656e64706f696e747669736962696c6974793d2230222072656c6174656469643d223022207669727475616c3d2230223e3c706f696e7420783d22373930382220793d223133303530222f3e3c706f696e7420783d2231313535302220793d223133303530222f3e3c706f696e7420783d2231313535302220793d2231393530222f3e3c706f696e7420783d2231333035302220793d2231393530222f3e3c2f636f6e6e6563746f723e3c2f646473636f6e74726f6c3e3c646473636f6e74726f6c2073656d616e746963636f6f6b69653d22303137663135323639303766313532362220636f6e74726f6c70726f6769643d224d534444532e546578742e3038302e3122206c6566743d2231313732352220746f703d223837353922206c6f676963616c69643d2231342220636f6e74726f6c69643d22313422206d617374657269643d223133222068696e74313d2230222068696e74323d2230222077696474683d223332373622206865696768743d2233333922206e6f726573697a653d223122206e6f6d6f76653d223022206e6f64656661756c74617474616368706f696e74733d223122206175746f647261673d2231222075736564656661756c7469646473686170653d2231222073656c65637461626c653d2231222073686f7773656c656374696f6e68616e646c65733d22312220616c6c6f776e756467696e673d223122206973616e6e6f746174696f6e3d22302220646f6e746175746f6c61796f75743d2231222067726f7570636f6c6c61707365643d2230222074616273746f703d2230222076697369626c653d22302220736e6170746f677269643d2230223e3c636f6e74726f6c3e3c646473786d6c6f626a65637473747265616d696e6974777261707065722062696e6172793d2230303032303030306363306330303030353330313030303030333030303030303030303030353030303038303038303030303830303130303030303031353030303163633030303039303031623033303031303030363534363136383666366436313137303034363030346230303566303037323030363530303637303036393030366630303665303035663030363530303633303036663030366330303666303036373030373930303566303037333030373430303631303037343030363530303030303030303030222f3e3c2f636f6e74726f6c3e3c6c61796f75746f626a6563743e3c646473786d6c6f626a2f3e3c2f6c61796f75746f626a6563743e3c73686170652067726f7570736861706569643d2230222067726f75706e6f64653d2230222f3e3c2f646473636f6e74726f6c3e3c646473636f6e74726f6c20636f6e74726f6c70726f6769643d227b36323341433037352d324337372d343837332d383833442d3933304234333634423442437d2220746f6f6c7469703d22736f696c5f65726f73696f6e5f696e64696361746f7222206c6566743d2231323735302220746f703d22313630353022206c6f676963616c69643d2231372220636f6e74726f6c69643d22313722206d617374657269643d2230222068696e74313d2230222068696e74323d2230222077696474683d223634313322206865696768743d223137313422206e6f726573697a653d223022206e6f6d6f76653d223022206e6f64656661756c74617474616368706f696e74733d223022206175746f647261673d2230222075736564656661756c7469646473686170653d2230222073656c65637461626c653d2231222073686f7773656c656374696f6e68616e646c65733d22302220616c6c6f776e756467696e673d223122206973616e6e6f746174696f6e3d22302220646f6e746175746f6c61796f75743d2230222067726f7570636f6c6c61707365643d2230222074616273746f703d2231222076697369626c653d22312220736e6170746f677269643d2231223e3c636f6e74726f6c3e3c646473786d6c6f626a65637473747265616d696e6974777261707065722062696e6172793d22323134333334313230383030303030303064313930303030623230363030303037383536333431323037303030303030313430313030303037333030366630303639303036633030356630303635303037323030366630303733303036393030366630303665303035663030363930303665303036343030363930303633303036313030373430303666303037323030303030303562336665616539363933663030303038303366303030303030303030303030303030303030303030303030303030303030303030303030303030303030303030303030303030303030303030303030303030303030303030303030303030303030303030303030303030303030303030303030303030303030303030303030303030303030303030303030303030303030303030303030303030303030303030303030303030303030303030303030303030303030303030303030303030303030303030303030303030303030303030303030303030303030303030303030303030303030303030303030303030303030303030303030303030303030303030303030303030303030303030303030303030303030303030303030303030303030303030303030303030303030303030303030303030303030303030303030303030303030303030303030303030303030303030303030303030303030303030303030303030303030303030303030303030303030303030303030303030303030303030303030303030303030303030303030303130303030303030353030303030303534303030303030326330303030303032633030303030303263303030303030333430303030303030303030303030303030303030303030383333333030303063313134303030303030303030303030326430313030303030373030303030303063303030303030303730303030303031633031303030303934306230303030373830393030303033383034303030303430303530303030613830333030303035343036303030306530303730303030626330343030303065303037303030306663303930303030643830363030303030303030303030303031303030303030306431393030303062323036303030303030303030303030303130303030303030313030303030303032303030303030303230303030303031633031303030303834306330303030303030303030303030313030303030303762313730303030323030353030303030303030303030303031303030303030303130303030303030323030303030303032303030303030316330313030303039343062303030303031303030303030303030303030303037623137303030306535303230303030303030303030303030303030303030303030303030303030303230303030303030323030303030303163303130303030393430623030303030303030303030303030303030303030616333653030303032363232303030303030303030303030303030303030303030643030303030303034303030303030303430303030303031633031303030303934306230303030623030643030303037303038303030303738353633343132303430303030303037363030303030303031303030303030303130303030303030623030303030303030303030303030303130303030303030323030303030303033303030303030303430303030303030353030303030303036303030303030303730303030303030383030303030303039303030303030306130303030303030343030303030303634303036323030366630303030303031373030303030303733303036663030363930303663303035663030363530303732303036663030373330303639303036663030366530303566303036393030366530303634303036393030363330303631303037343030366630303732303030303030222f3e3c2f636f6e74726f6c3e3c6c61796f75746f626a6563743e3c646473786d6c6f626a3e3c70726f7065727479206e616d653d224163746976655461626c65566965774d6f6465222076616c75653d22312220766172747970653d2238222f3e3c70726f7065727479206e616d653d225461626c65566965774d6f64653a30222076616c75653d22342c302c3238342c302c323936342c312c323432342c352c313632302220766172747970653d2238222f3e3c70726f7065727479206e616d653d225461626c65566965774d6f64653a31222076616c75653d22322c302c3238342c302c333230342220766172747970653d2238222f3e3c70726f7065727479206e616d653d225461626c65566965774d6f64653a32222076616c75653d22322c302c3238342c302c323936342220766172747970653d2238222f3e3c70726f7065727479206e616d653d225461626c65566965774d6f64653a33222076616c75653d22322c302c3238342c302c323936342220766172747970653d2238222f3e3c70726f7065727479206e616d653d225461626c65566965774d6f64653a34222076616c75653d22342c302c3238342c302c323936342c31322c333530342c31312c323136302220766172747970653d2238222f3e3c2f646473786d6c6f626a3e3c2f6c61796f75746f626a6563743e3c73686170652067726f7570736861706569643d2230222067726f75706e6f64653d2230222f3e3c2f646473636f6e74726f6c3e3c646473636f6e74726f6c2073656d616e746963636f6f6b69653d2230313532323337373031303030303030363430303632303036663030303030303436303034623030356630303264303433613034336530343362303433653034333330343338303434663034356630303166303433653034336130343330303433373034333030343432303433353034336230343463303432303030346430343430303433653034333730343338303433383034323030303366303433653034343730343332303434623034303030302220636f6e74726f6c70726f6769643d224d534444532e506f6c796c696e652e3038302e312220746f6f6c7469703d22d0a1d0b2d18fd0b7d18c202671756f743b464b5fd0add0bad0bed0bbd0bed0b3d0b8d18f5fd09fd0bed0bad0b0d0b7d0b0d182d0b5d0bbd18c20d18dd180d0bed0b7d0b8d0b820d0bfd0bed187d0b2d18b2671756f743b20d0bcd0b5d0b6d0b4d183202671756f743b736f696c5f65726f73696f6e5f696e64696361746f722671756f743b20d0b8202671756f743b65636f6c6f67795f73746174652671756f743b22206c6566743d22373237312220746f703d22313235333622206c6f676963616c69643d2231382220636f6e74726f6c69643d22313822206d617374657269643d2230222068696e74313d2230222068696e74323d2230222077696474683d223630333722206865696768743d223432313022206e6f726573697a653d223022206e6f6d6f76653d223022206e6f64656661756c74617474616368706f696e74733d223122206175746f647261673d2230222075736564656661756c7469646473686170653d2230222073656c65637461626c653d2231222073686f7773656c656374696f6e68616e646c65733d22302220616c6c6f776e756467696e673d223122206973616e6e6f746174696f6e3d22302220646f6e746175746f6c61796f75743d2230222067726f7570636f6c6c61707365643d2230222074616273746f703d2231222076697369626c653d22312220736e6170746f677269643d2230223e3c636f6e74726f6c3e3c646473786d6c6f626a3e3c706f6c796c696e6520656e64747970656473743d22302220656e64747970657372633d2232222075736572636f6c6f723d22313537393033323022206c696e657374796c653d223022206c696e6572656e6465723d22302220637573746f6d656e647479706564737469643d22302220637573746f6d656e647479706573726369643d2230222061646f726e7376697369626c653d2231223e3c61646f726e6d656e742070657263656e74706f733d2236342e353534323830363730373835352220636f6e74726f6c69643d223139222077696474683d223534323122206865696768743d223333392220736964653d223022206265686176696f723d2233222068696d65747269633d223532303622206469737466726f6d6c696e653d22313735222073746172746f626a3d22302220783d22393839372220793d223133353038222076697369626c653d22302220616c6c6f776f7665726c61703d2231222075736570657263656e743d2231222f3e3c2f706f6c796c696e653e3c2f646473786d6c6f626a3e3c2f636f6e74726f6c3e3c6c61796f75746f626a6563743e3c646473786d6c6f626a2f3e3c2f6c61796f75746f626a6563743e3c636f6e6e6563746f7220736f7572636569643d22313722206465737469643d22352220736f75726365617474616368706f696e743d2230222064657374617474616368706f696e743d22383722207365676d656e74656469746d6f64653d2230222062656e64706f696e74656469746d6f64653d2230222062656e64706f696e747669736962696c6974793d2230222072656c6174656469643d223022207669727475616c3d2230223e3c706f696e7420783d2231323930302220793d223136303530222f3e3c706f696e7420783d2231323930302220793d223134303232222f3e3c706f696e7420783d22373635302220793d223134303232222f3e3c706f696e7420783d22373635302220793d223133323335222f3e3c2f636f6e6e6563746f723e3c2f646473636f6e74726f6c3e3c646473636f6e74726f6c2073656d616e746963636f6f6b69653d22303132313433323634383231343332362220636f6e74726f6c70726f6769643d224d534444532e546578742e3038302e3122206c6566743d22393839372220746f703d22313335303822206c6f676963616c69643d2231392220636f6e74726f6c69643d22313922206d617374657269643d223138222068696e74313d2230222068696e74323d2230222077696474683d223534323122206865696768743d2233333922206e6f726573697a653d223122206e6f6d6f76653d223022206e6f64656661756c74617474616368706f696e74733d223122206175746f647261673d2231222075736564656661756c7469646473686170653d2231222073656c65637461626c653d2231222073686f7773656c656374696f6e68616e646c65733d22312220616c6c6f776e756467696e673d223122206973616e6e6f746174696f6e3d22302220646f6e746175746f6c61796f75743d2231222067726f7570636f6c6c61707365643d2230222074616273746f703d2230222076697369626c653d22302220736e6170746f677269643d2230223e3c636f6e74726f6c3e3c646473786d6c6f626a65637473747265616d696e6974777261707065722062696e6172793d2230303032303030303264313530303030353330313030303030333030303030303030303030353030303038303038303030303830303130303030303031353030303163633030303039303031623033303031303030363534363136383666366436313233303034363030346230303566303032643034336130343365303433623034336530343333303433383034346630343566303031663034336530343361303433303034333730343330303434323034333530343362303434633034323030303464303434303034336530343337303433383034333830343230303033663034336530343437303433323034346230343030303030303030222f3e3c2f636f6e74726f6c3e3c6c61796f75746f626a6563743e3c646473786d6c6f626a2f3e3c2f6c61796f75746f626a6563743e3c73686170652067726f7570736861706569643d2230222067726f75706e6f64653d2230222f3e3c2f646473636f6e74726f6c3e3c646473636f6e74726f6c20636f6e74726f6c70726f6769643d227b36323341433037352d324337372d343837332d383833442d3933304234333634423442437d2220746f6f6c7469703d22747970655f6f665f726567696f6e22206c6566743d2232323935302220746f703d223438303022206c6f676963616c69643d2232302220636f6e74726f6c69643d22323022206d617374657269643d2230222068696e74313d2230222068696e74323d2230222077696474683d223634313322206865696768743d223137313422206e6f726573697a653d223022206e6f6d6f76653d223022206e6f64656661756c74617474616368706f696e74733d223022206175746f647261673d2230222075736564656661756c7469646473686170653d2230222073656c65637461626c653d2231222073686f7773656c656374696f6e68616e646c65733d22302220616c6c6f776e756467696e673d223122206973616e6e6f746174696f6e3d22302220646f6e746175746f6c61796f75743d2230222067726f7570636f6c6c61707365643d2230222074616273746f703d2231222076697369626c653d22312220736e6170746f677269643d2231223e3c636f6e74726f6c3e3c646473786d6c6f626a65637473747265616d696e6974777261707065722062696e6172793d2232313433333431323038303030303030306431393030303062323036303030303738353633343132303730303030303031343031303030303734303037393030373030303635303035663030366630303636303035663030373230303635303036373030363930303666303036653030303030303639336630303030383033663030303038303366643764363536336664636462356233666561653936393366303030303830336630303030303030303030303030303030303030303030303030303030303030303030303030303030303030303030303030303030303030303030303030303030303030303030303030303030303030303030303030303030303030303030303030303030303030303030303030303030303030303030303030303030303030303030303030303030303030303030303030303030303030303030303030303030303030303030303030303030303030303030303030303030303030303030303030303030303030303030303030303030303030303030303030303030303030303030303030303030303030303030303030303030303030303030303030303030303030303030303030303030303030303030303030303030303030303030303030303030303030303030303030303030303030303030303030303030303030303030303030303030303030303030303030303030303030303030303030303030303030303030303030303030303030303030303030303030303030303030303030313030303030303035303030303030353430303030303032633030303030303263303030303030326330303030303033343030303030303030303030303030303030303030303038333333303030306331313430303030303030303030303032643031303030303037303030303030306330303030303030373030303030303163303130303030393430623030303037383039303030303338303430303030343030353030303061383033303030303534303630303030653030373030303062633034303030306530303730303030666330393030303064383036303030303030303030303030303130303030303030643139303030306232303630303030303030303030303030313030303030303031303030303030303230303030303030323030303030303163303130303030383430633030303030303030303030303031303030303030376231373030303032303035303030303030303030303030303130303030303030313030303030303032303030303030303230303030303031633031303030303934306230303030303130303030303030303030303030303762313730303030653530323030303030303030303030303030303030303030303030303030303030323030303030303032303030303030316330313030303039343062303030303030303030303030303030303030303061633365303030303236323230303030303030303030303030303030303030303064303030303030303430303030303030343030303030303163303130303030393430623030303062303064303030303730303830303030373835363334313230343030303030303636303030303030303130303030303030313030303030303062303030303030303030303030303030313030303030303032303030303030303330303030303030343030303030303035303030303030303630303030303030373030303030303038303030303030303930303030303030613030303030303034303030303030363430303632303036663030303030303066303030303030373430303739303037303030363530303566303036663030363630303566303037323030363530303637303036393030366630303665303030303030222f3e3c2f636f6e74726f6c3e3c6c61796f75746f626a6563743e3c646473786d6c6f626a3e3c70726f7065727479206e616d653d224163746976655461626c65566965774d6f6465222076616c75653d22312220766172747970653d2238222f3e3c70726f7065727479206e616d653d225461626c65566965774d6f64653a30222076616c75653d22342c302c3238342c302c323936342c312c323432342c352c313632302220766172747970653d2238222f3e3c70726f7065727479206e616d653d225461626c65566965774d6f64653a31222076616c75653d22322c302c3238342c302c333230342220766172747970653d2238222f3e3c70726f7065727479206e616d653d225461626c65566965774d6f64653a32222076616c75653d22322c302c3238342c302c323936342220766172747970653d2238222f3e3c70726f7065727479206e616d653d225461626c65566965774d6f64653a33222076616c75653d22322c302c3238342c302c323936342220766172747970653d2238222f3e3c70726f7065727479206e616d653d225461626c65566965774d6f64653a34222076616c75653d22342c302c3238342c302c323936342c31322c333530342c31312c323136302220766172747970653d2238222f3e3c2f646473786d6c6f626a3e3c2f6c61796f75746f626a6563743e3c73686170652067726f7570736861706569643d2230222067726f75706e6f64653d2230222f3e3c2f646473636f6e74726f6c3e3c646473636f6e74726f6c20636f6e74726f6c70726f6769643d227b36323341433037352d324337372d343837332d383833442d3933304234333634423442437d2220746f6f6c7469703d227765617468657222206c6566743d2231343130302220746f703d223931353022206c6f676963616c69643d2232332220636f6e74726f6c69643d22323322206d617374657269643d2230222068696e74313d2230222068696e74323d2230222077696474683d223638353822206865696768743d223532373022206e6f726573697a653d223022206e6f6d6f76653d223022206e6f64656661756c74617474616368706f696e74733d223022206175746f647261673d2230222075736564656661756c7469646473686170653d2230222073656c65637461626c653d2231222073686f7773656c656374696f6e68616e646c65733d22302220616c6c6f776e756467696e673d223122206973616e6e6f746174696f6e3d22302220646f6e746175746f6c61796f75743d2230222067726f7570636f6c6c61707365643d2230222074616273746f703d2231222076697369626c653d22312220736e6170746f677269643d2231223e3c636f6e74726f6c3e3c646473786d6c6f626a65637473747265616d696e6974777261707065722062696e6172793d22323134333334313230383030303030306361316130303030393631343030303037383536333431323037303030303030313430313030303037373030363530303631303037343030363830303635303037323030303030303961393939393365643764363536336664636462356233666561653936393366303030303830336630303030383033666437643635363366646364623562336665616539363933663030303038303366303030303030303030303030303030303030303030303030303030303030303030303030303030303030303030303030303030303030303030303030303030303030303030303030303030303030303030303030303030303030303030303030303030303030303030303030303030303030303030303030303030303030303030303030303030303030303030303030303030303030303030303030303030303030303030303030303030303030303030303030303030303030303030303030303030303030303030303030303030303030303030303030303030303030303030303030303030303030303030303030303030303030303030303030303030303030303030303030303030303030303030303030303030303030303030303030303030303030303030303030303030303030303030303030303030303030303030303030303030303030303030303030303030303030303030303030303030303030303030303030303030303030303030303030303030303030303030303030303130303030303030353030303030303534303030303030326330303030303032633030303030303263303030303030333430303030303030303030303030303030303030303030383333333030303033383139303030303030303030303030326430313030303030393030303030303063303030303030303730303030303031633031303030303934306230303030373830393030303033383034303030303430303530303030613830333030303035343036303030306530303730303030626330343030303065303037303030306663303930303030643830363030303030303030303030303031303030303030636131613030303039363134303030303030303030303030303730303030303030373030303030303032303030303030303230303030303031633031303030303830306430303030303030303030303030313030303030303762313730303030306530653030303030303030303030303035303030303030303530303030303030323030303030303032303030303030316330313030303039343062303030303031303030303030303030303030303037623137303030306535303230303030303030303030303030303030303030303030303030303030303230303030303030323030303030303163303130303030393430623030303030303030303030303030303030303030616333653030303032363232303030303030303030303030303030303030303030643030303030303034303030303030303430303030303031633031303030303934306230303030623030643030303037303038303030303738353633343132303430303030303035383030303030303031303030303030303130303030303030623030303030303030303030303030303130303030303030323030303030303033303030303030303430303030303030353030303030303036303030303030303730303030303030383030303030303039303030303030306130303030303030343030303030303634303036323030366630303030303030383030303030303737303036353030363130303734303036383030363530303732303030303030222f3e3c2f636f6e74726f6c3e3c6c61796f75746f626a6563743e3c646473786d6c6f626a3e3c70726f7065727479206e616d653d224163746976655461626c65566965774d6f6465222076616c75653d22312220766172747970653d2238222f3e3c70726f7065727479206e616d653d225461626c65566965774d6f64653a30222076616c75653d22342c302c3238342c302c323936342c312c323432342c352c313632302220766172747970653d2238222f3e3c70726f7065727479206e616d653d225461626c65566965774d6f64653a31222076616c75653d22322c302c3238342c302c333435362220766172747970653d2238222f3e3c70726f7065727479206e616d653d225461626c65566965774d6f64653a32222076616c75653d22322c302c3238342c302c323936342220766172747970653d2238222f3e3c70726f7065727479206e616d653d225461626c65566965774d6f64653a33222076616c75653d22322c302c3238342c302c323936342220766172747970653d2238222f3e3c70726f7065727479206e616d653d225461626c65566965774d6f64653a34222076616c75653d22342c302c3238342c302c323936342c31322c333530342c31312c323136302220766172747970653d2238222f3e3c2f646473786d6c6f626a3e3c2f6c61796f75746f626a6563743e3c73686170652067726f7570736861706569643d2230222067726f75706e6f64653d2230222f3e3c2f646473636f6e74726f6c3e3c646473636f6e74726f6c20636f6e74726f6c70726f6769643d227b36323341433037352d324337372d343837332d383833442d3933304234333634423442437d2220746f6f6c7469703d2277696e6422206c6566743d2232323035302220746f703d22323230353022206c6f676963616c69643d2233302220636f6e74726f6c69643d22333022206d617374657269643d2230222068696e74313d2230222068696e74323d2230222077696474683d223634313322206865696768743d223137313422206e6f726573697a653d223022206e6f6d6f76653d223022206e6f64656661756c74617474616368706f696e74733d223022206175746f647261673d2230222075736564656661756c7469646473686170653d2230222073656c65637461626c653d2231222073686f7773656c656374696f6e68616e646c65733d22302220616c6c6f776e756467696e673d223122206973616e6e6f746174696f6e3d22302220646f6e746175746f6c61796f75743d2230222067726f7570636f6c6c61707365643d2230222074616273746f703d2231222076697369626c653d22312220736e6170746f677269643d2231223e3c636f6e74726f6c3e3c646473786d6c6f626a65637473747265616d696e6974777261707065722062696e6172793d22323134333334313230383030303030303064313930303030623230363030303037383536333431323037303030303030313430313030303037373030363930303665303036343030303030303639336630303030383033663961393939393365643764363536336664636462356233666561653936393366303030303830336630303030383033666437643635363366646364623562336665616539363933663030303038303366303030303030303030303030303030303030303030303030303030303030303030303030303030303030303030303030303030303030303030303030303030303030303030303030303030303030303030303030303030303030303030303030303030303030303030303030303030303030303030303030303030303030303030303030303030303030303030303030303030303030303030303030303030303030303030303030303030303030303030303030303030303030303030303030303030303030303030303030303030303030303030303030303030303030303030303030303030303030303030303030303030303030303030303030303030303030303030303030303030303030303030303030303030303030303030303030303030303030303030303030303030303030303030303030303030303030303030303030303030303030303030303030303030303030303030303030303030303030303030303030303030303030303030303030303030303030303030303030303130303030303030353030303030303534303030303030326330303030303032633030303030303263303030303030333430303030303030303030303030303030303030303030383333333030303063313134303030303030303030303030326430313030303030373030303030303063303030303030303730303030303031633031303030303934306230303030373830393030303033383034303030303430303530303030613830333030303035343036303030306530303730303030626330343030303065303037303030306663303930303030643830363030303030303030303030303031303030303030306431393030303062323036303030303030303030303030303130303030303030313030303030303032303030303030303230303030303031633031303030303834306330303030303030303030303030313030303030303762313730303030323030353030303030303030303030303031303030303030303130303030303030323030303030303032303030303030316330313030303039343062303030303031303030303030303030303030303037623137303030306535303230303030303030303030303030303030303030303030303030303030303230303030303030323030303030303163303130303030393430623030303030303030303030303030303030303030616333653030303032363232303030303030303030303030303030303030303030643030303030303034303030303030303430303030303031633031303030303934306230303030623030643030303037303038303030303738353633343132303430303030303035323030303030303031303030303030303130303030303030623030303030303030303030303030303130303030303030323030303030303033303030303030303430303030303030353030303030303036303030303030303730303030303030383030303030303039303030303030306130303030303030343030303030303634303036323030366630303030303030353030303030303737303036393030366530303634303030303030222f3e3c2f636f6e74726f6c3e3c6c61796f75746f626a6563743e3c646473786d6c6f626a3e3c70726f7065727479206e616d653d224163746976655461626c65566965774d6f6465222076616c75653d22312220766172747970653d2238222f3e3c70726f7065727479206e616d653d225461626c65566965774d6f64653a30222076616c75653d22342c302c3238342c302c323936342c312c323432342c352c313632302220766172747970653d2238222f3e3c70726f7065727479206e616d653d225461626c65566965774d6f64653a31222076616c75653d22322c302c3238342c302c333230342220766172747970653d2238222f3e3c70726f7065727479206e616d653d225461626c65566965774d6f64653a32222076616c75653d22322c302c3238342c302c323936342220766172747970653d2238222f3e3c70726f7065727479206e616d653d225461626c65566965774d6f64653a33222076616c75653d22322c302c3238342c302c323936342220766172747970653d2238222f3e3c70726f7065727479206e616d653d225461626c65566965774d6f64653a34222076616c75653d22342c302c3238342c302c323936342c31322c333530342c31312c323136302220766172747970653d2238222f3e3c2f646473786d6c6f626a3e3c2f6c61796f75746f626a6563743e3c73686170652067726f7570736861706569643d2230222067726f75706e6f64653d2230222f3e3c2f646473636f6e74726f6c3e3c646473636f6e74726f6c2073656d616e746963636f6f6b69653d223031346130373334303130303030303036343030363230303666303030303030343630303462303035663030373730303635303036313030373430303638303036353030373230303566303037373030363930303665303036343030303030302220636f6e74726f6c70726f6769643d224d534444532e506f6c796c696e652e3038302e312220746f6f6c7469703d22d0a1d0b2d18fd0b7d18c202671756f743b464b5f776561746865725f77696e642671756f743b20d0bcd0b5d0b6d0b4d183202671756f743b77696e642671756f743b20d0b8202671756f743b776561746865722671756f743b22206c6566743d2232303332312220746f703d22313337323122206c6f676963616c69643d2233332220636f6e74726f6c69643d22333322206d617374657269643d2230222068696e74313d2230222068696e74323d2230222077696474683d223232383722206865696768743d223930323522206e6f726573697a653d223022206e6f6d6f76653d223022206e6f64656661756c74617474616368706f696e74733d223122206175746f647261673d2230222075736564656661756c7469646473686170653d2230222073656c65637461626c653d2231222073686f7773656c656374696f6e68616e646c65733d22302220616c6c6f776e756467696e673d223122206973616e6e6f746174696f6e3d22302220646f6e746175746f6c61796f75743d2230222067726f7570636f6c6c61707365643d2230222074616273746f703d2231222076697369626c653d22312220736e6170746f677269643d2230223e3c636f6e74726f6c3e3c646473786d6c6f626a3e3c706f6c796c696e6520656e64747970656473743d22302220656e64747970657372633d2232222075736572636f6c6f723d22313537393033323022206c696e657374796c653d223022206c696e6572656e6465723d22302220637573746f6d656e647479706564737469643d22302220637573746f6d656e647479706573726369643d2230222061646f726e7376697369626c653d2231223e3c61646f726e6d656e742070657263656e74706f733d2234392e393831363234343032373933312220636f6e74726f6c69643d223334222077696474683d223233353322206865696768743d223333392220736964653d223022206265686176696f723d2233222068696d65747269633d223435363322206469737466726f6d6c696e653d22313735222073746172746f626a3d22302220783d2232313632372220793d223137373231222076697369626c653d22302220616c6c6f776f7665726c61703d2231222075736570657263656e743d2231222f3e3c2f706f6c796c696e653e3c2f646473786d6c6f626a3e3c2f636f6e74726f6c3e3c6c61796f75746f626a6563743e3c646473786d6c6f626a2f3e3c2f6c61796f75746f626a6563743e3c636f6e6e6563746f7220736f7572636569643d22333022206465737469643d2232332220736f75726365617474616368706f696e743d2230222064657374617474616368706f696e743d22383722207365676d656e74656469746d6f64653d2230222062656e64706f696e74656469746d6f64653d2230222062656e64706f696e747669736962696c6974793d2230222072656c6174656469643d223022207669727475616c3d2230223e3c706f696e7420783d2232323230302220793d223232303530222f3e3c706f696e7420783d2232323230302220793d223138323335222f3e3c706f696e7420783d2232303730302220793d223138323335222f3e3c706f696e7420783d2232303730302220793d223134343230222f3e3c2f636f6e6e6563746f723e3c2f646473636f6e74726f6c3e3c646473636f6e74726f6c2073656d616e746963636f6f6b69653d22303131343433323665383134343332362220636f6e74726f6c70726f6769643d224d534444532e546578742e3038302e3122206c6566743d2232313632372220746f703d22313737323122206c6f676963616c69643d2233342220636f6e74726f6c69643d22333422206d617374657269643d223333222068696e74313d2230222068696e74323d2230222077696474683d223233353322206865696768743d2233333922206e6f726573697a653d223122206e6f6d6f76653d223022206e6f64656661756c74617474616368706f696e74733d223122206175746f647261673d2231222075736564656661756c7469646473686170653d2231222073656c65637461626c653d2231222073686f7773656c656374696f6e68616e646c65733d22312220616c6c6f776e756467696e673d223122206973616e6e6f746174696f6e3d22302220646f6e746175746f6c61796f75743d2231222067726f7570636f6c6c61707365643d2230222074616273746f703d2230222076697369626c653d22302220736e6170746f677269643d2230223e3c636f6e74726f6c3e3c646473786d6c6f626a65637473747265616d696e6974777261707065722062696e6172793d223030303230303030333130393030303035333031303030303033303030303030303030303035303030303830303830303030383030313030303030303135303030316363303030303930303162303330303130303036353436313638366636643631306630303436303034623030356630303737303036353030363130303734303036383030363530303732303035663030373730303639303036653030363430303030303030303030222f3e3c2f636f6e74726f6c3e3c6c61796f75746f626a6563743e3c646473786d6c6f626a2f3e3c2f6c61796f75746f626a6563743e3c73686170652067726f7570736861706569643d2230222067726f75706e6f64653d2230222f3e3c2f646473636f6e74726f6c3e3c646473636f6e74726f6c2073656d616e746963636f6f6b69653d2230313064303733343031303030303030363430303632303036663030303030303436303034623030356630303737303036353030363130303734303036383030363530303732303035663030373230303635303036373030363930303666303036653030303030302220636f6e74726f6c70726f6769643d224d534444532e506f6c796c696e652e3038302e312220746f6f6c7469703d22d0a1d0b2d18fd0b7d18c202671756f743b464b5f776561746865725f726567696f6e2671756f743b20d0bcd0b5d0b6d0b4d183202671756f743b726567696f6e2671756f743b20d0b8202671756f743b776561746865722671756f743b22206c6566743d2231343839332220746f703d223633373522206c6f676963616c69643d2233352220636f6e74726f6c69643d22333522206d617374657269643d2230222068696e74313d2230222068696e74323d2230222077696474683d2238313522206865696768743d223334373522206e6f726573697a653d223022206e6f6d6f76653d223022206e6f64656661756c74617474616368706f696e74733d223122206175746f647261673d2230222075736564656661756c7469646473686170653d2230222073656c65637461626c653d2231222073686f7773656c656374696f6e68616e646c65733d22302220616c6c6f776e756467696e673d223122206973616e6e6f746174696f6e3d22302220646f6e746175746f6c61796f75743d2230222067726f7570636f6c6c61707365643d2230222074616273746f703d2231222076697369626c653d22312220736e6170746f677269643d2230223e3c636f6e74726f6c3e3c646473786d6c6f626a3e3c706f6c796c696e6520656e64747970656473743d22302220656e64747970657372633d2232222075736572636f6c6f723d22313537393033323022206c696e657374796c653d223022206c696e6572656e6465723d22302220637573746f6d656e647479706564737469643d22302220637573746f6d656e647479706573726369643d2230222061646f726e7376697369626c653d2231223e3c61646f726e6d656e742070657263656e74706f733d2234392e393531393233303736393233312220636f6e74726f6c69643d223336222077696474683d223235363122206865696768743d223333392220736964653d223022206265686176696f723d2233222068696d65747269633d223130333922206469737466726f6d6c696e653d22313735222073746172746f626a3d22302220783d2231323536342220793d2237393430222076697369626c653d22302220616c6c6f776f7665726c61703d2231222075736570657263656e743d2231222f3e3c2f706f6c796c696e653e3c2f646473786d6c6f626a3e3c2f636f6e74726f6c3e3c6c61796f75746f626a6563743e3c646473786d6c6f626a2f3e3c2f6c61796f75746f626a6563743e3c636f6e6e6563746f7220736f7572636569643d22313222206465737469643d2232332220736f75726365617474616368706f696e743d223239222064657374617474616368706f696e743d22313422207365676d656e74656469746d6f64653d2230222062656e64706f696e74656469746d6f64653d2230222062656e64706f696e747669736962696c6974793d2230222072656c6174656469643d223022207669727475616c3d2230223e3c706f696e7420783d2231353330302220793d2237303730222f3e3c706f696e7420783d2231353330302220793d2239313530222f3e3c2f636f6e6e6563746f723e3c2f646473636f6e74726f6c3e3c646473636f6e74726f6c2073656d616e746963636f6f6b69653d22303131353433323665383135343332362220636f6e74726f6c70726f6769643d224d534444532e546578742e3038302e3122206c6566743d2231323536342220746f703d223739343022206c6f676963616c69643d2233362220636f6e74726f6c69643d22333622206d617374657269643d223335222068696e74313d2230222068696e74323d2230222077696474683d223235363122206865696768743d2233333922206e6f726573697a653d223122206e6f6d6f76653d223022206e6f64656661756c74617474616368706f696e74733d223122206175746f647261673d2231222075736564656661756c7469646473686170653d2231222073656c65637461626c653d2231222073686f7773656c656374696f6e68616e646c65733d22312220616c6c6f776e756467696e673d223122206973616e6e6f746174696f6e3d22302220646f6e746175746f6c61796f75743d2231222067726f7570636f6c6c61707365643d2230222074616273746f703d2230222076697369626c653d22302220736e6170746f677269643d2230223e3c636f6e74726f6c3e3c646473786d6c6f626a65637473747265616d696e6974777261707065722062696e6172793d2230303032303030303031306130303030353330313030303030333030303030303030303066666666666630303038303030303830303130303030303031353030303163633030303039303031623033303031303030363534363136383666366436313131303034363030346230303566303037373030363530303631303037343030363830303635303037323030356630303732303036353030363730303639303036663030366530303030303030303030222f3e3c2f636f6e74726f6c3e3c6c61796f75746f626a6563743e3c646473786d6c6f626a2f3e3c2f6c61796f75746f626a6563743e3c73686170652067726f7570736861706569643d2230222067726f75706e6f64653d2230222f3e3c2f646473636f6e74726f6c3e3c646473636f6e74726f6c2073656d616e746963636f6f6b69653d22303134663938353030313030303030303634303036323030366630303030303034363030346230303566303037373030363530303631303037343030363830303635303037323030356630303631303037343030366430303666303037333030373030303638303036353030373230303639303036333030356630303730303037323030363530303733303037333030373530303732303036353030303030302220636f6e74726f6c70726f6769643d224d534444532e506f6c796c696e652e3038302e312220746f6f6c7469703d22d0a1d0b2d18fd0b7d18c202671756f743b464b5f776561746865725f61746d6f737068657269635f70726573737572652671756f743b20d0bcd0b5d0b6d0b4d183202671756f743b61746d6f737068657269635f70726573737572652671756f743b20d0b8202671756f743b776561746865722671756f743b22206c6566743d2232303635382220746f703d22313236373122206c6f676963616c69643d2233372220636f6e74726f6c69643d22333722206d617374657269643d2230222068696e74313d2230222068696e74323d2230222077696474683d223331393222206865696768743d223132333722206e6f726573697a653d223022206e6f6d6f76653d223022206e6f64656661756c74617474616368706f696e74733d223122206175746f647261673d2230222075736564656661756c7469646473686170653d2230222073656c65637461626c653d2231222073686f7773656c656374696f6e68616e646c65733d22302220616c6c6f776e756467696e673d223122206973616e6e6f746174696f6e3d22302220646f6e746175746f6c61796f75743d2230222067726f7570636f6c6c61707365643d2230222074616273746f703d2231222076697369626c653d22312220736e6170746f677269643d2230223e3c636f6e74726f6c3e3c646473786d6c6f626a3e3c706f6c796c696e6520656e64747970656473743d22302220656e64747970657372633d2232222075736572636f6c6f723d22313537393033323022206c696e657374796c653d223022206c696e6572656e6465723d22302220637573746f6d656e647479706564737469643d22302220637573746f6d656e647479706573726369643d2230222061646f726e7376697369626c653d2231223e3c61646f726e6d656e742070657263656e74706f733d2232332e323734313631373335373030322220636f6e74726f6c69643d223338222077696474683d223436363022206865696768743d223333392220736964653d223022206265686176696f723d2233222068696d65747269633d2237303822206469737466726f6d6c696e653d22313735222073746172746f626a3d22302220783d2232303832362220793d223132393836222076697369626c653d22302220616c6c6f776f7665726c61703d2231222075736570657263656e743d2231222f3e3c2f706f6c796c696e653e3c2f646473786d6c6f626a3e3c2f636f6e74726f6c3e3c6c61796f75746f626a6563743e3c646473786d6c6f626a2f3e3c2f6c61796f75746f626a6563743e3c636f6e6e6563746f7220736f7572636569643d223322206465737469643d2232332220736f75726365617474616368706f696e743d223834222064657374617474616368706f696e743d2231333922207365676d656e74656469746d6f64653d2230222062656e64706f696e74656469746d6f64653d2230222062656e64706f696e747669736962696c6974793d2230222072656c6174656469643d223022207669727475616c3d2230223e3c706f696e7420783d2232333535302220793d223133353030222f3e3c706f696e7420783d2232323235342220793d223133353030222f3e3c706f696e7420783d2232323235342220793d223133303530222f3e3c706f696e7420783d2232303935382220793d223133303530222f3e3c2f636f6e6e6563746f723e3c2f646473636f6e74726f6c3e3c646473636f6e74726f6c2073656d616e746963636f6f6b69653d22303131353433323661383135343332362220636f6e74726f6c70726f6769643d224d534444532e546578742e3038302e3122206c6566743d2232303832362220746f703d22313239383622206c6f676963616c69643d2233382220636f6e74726f6c69643d22333822206d617374657269643d223337222068696e74313d2230222068696e74323d2230222077696474683d223436363022206865696768743d2233333922206e6f726573697a653d223122206e6f6d6f76653d223022206e6f64656661756c74617474616368706f696e74733d223122206175746f647261673d2231222075736564656661756c7469646473686170653d2231222073656c65637461626c653d2231222073686f7773656c656374696f6e68616e646c65733d22312220616c6c6f776e756467696e673d223122206973616e6e6f746174696f6e3d22302220646f6e746175746f6c61796f75743d2231222067726f7570636f6c6c61707365643d2230222074616273746f703d2230222076697369626c653d22302220736e6170746f677269643d2230223e3c636f6e74726f6c3e3c646473786d6c6f626a65637473747265616d696e6974777261707065722062696e6172793d22303030323030303033343132303030303533303130303030303330303030303030303030666666666666303030383030303038303031303030303030313530303031636330303030393030316230333030313030303635343631363836663664363131663030343630303462303035663030373730303635303036313030373430303638303036353030373230303566303036313030373430303664303036663030373330303730303036383030363530303732303036393030363330303566303037303030373230303635303037333030373330303735303037323030363530303030303030303030222f3e3c2f636f6e74726f6c3e3c6c61796f75746f626a6563743e3c646473786d6c6f626a2f3e3c2f6c61796f75746f626a6563743e3c73686170652067726f7570736861706569643d2230222067726f75706e6f64653d2230222f3e3c2f646473636f6e74726f6c3e3c646473636f6e74726f6c2073656d616e746963636f6f6b69653d223031303032373030303130303030303036343030363230303666303030303030343630303462303035663030373730303635303036313030373430303638303036353030373230303566303037303030373230303635303036333030363930303730303036393030373430303631303037343030363930303666303036653030303030302220636f6e74726f6c70726f6769643d224d534444532e506f6c796c696e652e3038302e312220746f6f6c7469703d22d0a1d0b2d18fd0b7d18c202671756f743b464b5f776561746865725f70726563697069746174696f6e2671756f743b20d0bcd0b5d0b6d0b4d183202671756f743b70726563697069746174696f6e2671756f743b20d0b8202671756f743b776561746865722671756f743b22206c6566743d2232303635382220746f703d22313036393322206c6f676963616c69643d2233392220636f6e74726f6c69643d22333922206d617374657269643d2230222068696e74313d2230222068696e74323d2230222077696474683d22313033393222206865696768743d2238313522206e6f726573697a653d223022206e6f6d6f76653d223022206e6f64656661756c74617474616368706f696e74733d223122206175746f647261673d2230222075736564656661756c7469646473686170653d2230222073656c65637461626c653d2231222073686f7773656c656374696f6e68616e646c65733d22302220616c6c6f776e756467696e673d223122206973616e6e6f746174696f6e3d22302220646f6e746175746f6c61796f75743d2230222067726f7570636f6c6c61707365643d2230222074616273746f703d2231222076697369626c653d22312220736e6170746f677269643d2230223e3c636f6e74726f6c3e3c646473786d6c6f626a3e3c706f6c796c696e6520656e64747970656473743d22302220656e64747970657372633d2232222075736572636f6c6f723d22313537393033323022206c696e657374796c653d223022206c696e6572656e6465723d22302220637573746f6d656e647479706564737469643d22302220637573746f6d656e647479706573726369643d2230222061646f726e7376697369626c653d2231223e3c61646f726e6d656e742070657263656e74706f733d2234392e393839373837353831363939332220636f6e74726f6c69643d223430222077696474683d223333343522206865696768743d223333392220736964653d223022206265686176696f723d2233222068696d65747269633d223438393522206469737466726f6d6c696e653d22313735222073746172746f626a3d22302220783d2232343138322220793d223130353836222076697369626c653d22302220616c6c6f776f7665726c61703d2231222075736570657263656e743d2231222f3e3c2f706f6c796c696e653e3c2f646473786d6c6f626a3e3c2f636f6e74726f6c3e3c6c61796f75746f626a6563743e3c646473786d6c6f626a2f3e3c2f6c61796f75746f626a6563743e3c636f6e6e6563746f7220736f7572636569643d22313122206465737469643d2232332220736f75726365617474616368706f696e743d223934222064657374617474616368706f696e743d2231313322207365676d656e74656469746d6f64653d2230222062656e64706f696e74656469746d6f64653d2230222062656e64706f696e747669736962696c6974793d2230222072656c6174656469643d223022207669727475616c3d2230223e3c706f696e7420783d2233303735302220793d223131313030222f3e3c706f696e7420783d2232303935382220793d223131313030222f3e3c2f636f6e6e6563746f723e3c2f646473636f6e74726f6c3e3c646473636f6e74726f6c2073656d616e746963636f6f6b69653d22303134663261323632383466326132362220636f6e74726f6c70726f6769643d224d534444532e546578742e3038302e3122206c6566743d2232343138322220746f703d22313035383622206c6f676963616c69643d2234302220636f6e74726f6c69643d22343022206d617374657269643d223339222068696e74313d2230222068696e74323d2230222077696474683d223333343522206865696768743d2233333922206e6f726573697a653d223122206e6f6d6f76653d223022206e6f64656661756c74617474616368706f696e74733d223122206175746f647261673d2231222075736564656661756c7469646473686170653d2231222073656c65637461626c653d2231222073686f7773656c656374696f6e68616e646c65733d22312220616c6c6f776e756467696e673d223122206973616e6e6f746174696f6e3d22302220646f6e746175746f6c61796f75743d2231222067726f7570636f6c6c61707365643d2230222074616273746f703d2230222076697369626c653d22302220736e6170746f677269643d2230223e3c636f6e74726f6c3e3c646473786d6c6f626a65637473747265616d696e6974777261707065722062696e6172793d223030303230303030313130643030303035333031303030303033303030303030303030306666666666663030303830303030383030313030303030303135303030316363303030303930303162303330303130303036353436313638366636643631313830303436303034623030356630303737303036353030363130303734303036383030363530303732303035663030373030303732303036353030363330303639303037303030363930303734303036313030373430303639303036663030366530303030303030303030222f3e3c2f636f6e74726f6c3e3c6c61796f75746f626a6563743e3c646473786d6c6f626a2f3e3c2f6c61796f75746f626a6563743e3c73686170652067726f7570736861706569643d2230222067726f75706e6f64653d2230222f3e3c2f646473636f6e74726f6c3e3c646473636f6e74726f6c2073656d616e746963636f6f6b69653d2230313034336630343031303030303030363430303632303036663030303030303436303034623030356630303732303036353030363730303639303036663030366530303566303037303030366630303730303037353030366330303631303037343030363930303666303036653030303030302220636f6e74726f6c70726f6769643d224d534444532e506f6c796c696e652e3038302e312220746f6f6c7469703d22d0a1d0b2d18fd0b7d18c202671756f743b464b5f726567696f6e5f706f70756c6174696f6e2671756f743b20d0bcd0b5d0b6d0b4d183202671756f743b706f70756c6174696f6e2671756f743b20d0b8202671756f743b726567696f6e2671756f743b22206c6566743d2231393630382220746f703d223633373122206c6f676963616c69643d2234312220636f6e74726f6c69643d22343122206d617374657269643d2230222068696e74313d2230222068696e74323d2230222077696474683d223333343222206865696768743d223133383722206e6f726573697a653d223022206e6f6d6f76653d223022206e6f64656661756c74617474616368706f696e74733d223122206175746f647261673d2230222075736564656661756c7469646473686170653d2230222073656c65637461626c653d2231222073686f7773656c656374696f6e68616e646c65733d22302220616c6c6f776e756467696e673d223122206973616e6e6f746174696f6e3d22302220646f6e746175746f6c61796f75743d2230222067726f7570636f6c6c61707365643d2230222074616273746f703d2231222076697369626c653d22312220736e6170746f677269643d2230223e3c636f6e74726f6c3e3c646473786d6c6f626a3e3c706f6c796c696e6520656e64747970656473743d22302220656e64747970657372633d2232222075736572636f6c6f723d22313537393033323022206c696e657374796c653d223022206c696e6572656e6465723d22302220637573746f6d656e647479706564737469643d22302220637573746f6d656e647479706573726369643d2230222061646f726e7376697369626c653d2231223e3c61646f726e6d656e742070657263656e74706f733d2232332e373238333036343033333531332220636f6e74726f6c69643d223432222077696474683d223238333822206865696768743d223333392220736964653d223022206265686176696f723d2233222068696d65747269633d2237393322206469737466726f6d6c696e653d22313735222073746172746f626a3d22302220783d2232303736322220793d2236383336222076697369626c653d22302220616c6c6f776f7665726c61703d2231222075736570657263656e743d2231222f3e3c2f706f6c796c696e653e3c2f646473786d6c6f626a3e3c2f636f6e74726f6c3e3c6c61796f75746f626a6563743e3c646473786d6c6f626a2f3e3c2f6c61796f75746f626a6563743e3c636f6e6e6563746f7220736f7572636569643d223822206465737469643d2231322220736f75726365617474616368706f696e743d223838222064657374617474616368706f696e743d2231353322207365676d656e74656469746d6f64653d2230222062656e64706f696e74656469746d6f64653d2230222062656e64706f696e747669736962696c6974793d2230222072656c6174656469643d223022207669727475616c3d2230223e3c706f696e7420783d2232323635302220793d2237333530222f3e3c706f696e7420783d2232313237392220793d2237333530222f3e3c706f696e7420783d2232313237392220793d2236373530222f3e3c706f696e7420783d2231393930382220793d2236373530222f3e3c2f636f6e6e6563746f723e3c2f646473636f6e74726f6c3e3c646473636f6e74726f6c2073656d616e746963636f6f6b69653d22303135313261323665383531326132362220636f6e74726f6c70726f6769643d224d534444532e546578742e3038302e3122206c6566743d2232303736322220746f703d223638333622206c6f676963616c69643d2234322220636f6e74726f6c69643d22343222206d617374657269643d223431222068696e74313d2230222068696e74323d2230222077696474683d223238333822206865696768743d2233333922206e6f726573697a653d223122206e6f6d6f76653d223022206e6f64656661756c74617474616368706f696e74733d223122206175746f647261673d2231222075736564656661756c7469646473686170653d2231222073656c65637461626c653d2231222073686f7773656c656374696f6e68616e646c65733d22312220616c6c6f776e756467696e673d223122206973616e6e6f746174696f6e3d22302220646f6e746175746f6c61796f75743d2231222067726f7570636f6c6c61707365643d2230222074616273746f703d2230222076697369626c653d22302220736e6170746f677269643d2230223e3c636f6e74726f6c3e3c646473786d6c6f626a65637473747265616d696e6974777261707065722062696e6172793d2230303032303030303136306230303030353330313030303030333030303030303030303066666666666630303038303030303830303130303030303031353030303163633030303039303031623033303031303030363534363136383666366436313134303034363030346230303566303037323030363530303637303036393030366630303665303035663030373030303666303037303030373530303663303036313030373430303639303036663030366530303030303030303030222f3e3c2f636f6e74726f6c3e3c6c61796f75746f626a6563743e3c646473786d6c6f626a2f3e3c2f6c61796f75746f626a6563743e3c73686170652067726f7570736861706569643d2230222067726f75706e6f64653d2230222f3e3c2f646473636f6e74726f6c3e3c646473636f6e74726f6c2073656d616e746963636f6f6b69653d223031303032373030303130303030303036343030363230303666303030303030343630303462303035663030373230303635303036373030363930303666303036653030356630303734303037393030373030303635303035663030366630303636303035663030373230303635303036373030363930303666303036653030303030302220636f6e74726f6c70726f6769643d224d534444532e506f6c796c696e652e3038302e312220746f6f6c7469703d22d0a1d0b2d18fd0b7d18c202671756f743b464b5f726567696f6e5f747970655f6f665f726567696f6e2671756f743b20d0bcd0b5d0b6d0b4d183202671756f743b747970655f6f665f726567696f6e2671756f743b20d0b8202671756f743b726567696f6e2671756f743b22206c6566743d2231393630382220746f703d223435343322206c6f676963616c69643d2234332220636f6e74726f6c69643d22343322206d617374657269643d2230222068696e74313d2230222068696e74323d2230222077696474683d223336343222206865696768743d2238313522206e6f726573697a653d223022206e6f6d6f76653d223022206e6f64656661756c74617474616368706f696e74733d223122206175746f647261673d2230222075736564656661756c7469646473686170653d2230222073656c65637461626c653d2231222073686f7773656c656374696f6e68616e646c65733d22302220616c6c6f776e756467696e673d223122206973616e6e6f746174696f6e3d22302220646f6e746175746f6c61796f75743d2230222067726f7570636f6c6c61707365643d2230222074616273746f703d2231222076697369626c653d22312220736e6170746f677269643d2230223e3c636f6e74726f6c3e3c646473786d6c6f626a3e3c706f6c796c696e6520656e64747970656473743d22302220656e64747970657372633d2232222075736572636f6c6f723d22313537393033323022206c696e657374796c653d223022206c696e6572656e6465723d22302220637573746f6d656e647479706564737469643d22302220637573746f6d656e647479706573726369643d2230222061646f726e7376697369626c653d2231223e3c61646f726e6d656e742070657263656e74706f733d2235302e303938363139333239333838362220636f6e74726f6c69643d223434222077696474683d223334333722206865696768743d223333392220736964653d223022206265686176696f723d2233222068696d65747269633d223135323422206469737466726f6d6c696e653d22313735222073746172746f626a3d22302220783d2231393731312220793d2234343336222076697369626c653d22302220616c6c6f776f7665726c61703d2231222075736570657263656e743d2231222f3e3c2f706f6c796c696e653e3c2f646473786d6c6f626a3e3c2f636f6e74726f6c3e3c6c61796f75746f626a6563743e3c646473786d6c6f626a2f3e3c2f6c61796f75746f626a6563743e3c636f6e6e6563746f7220736f7572636569643d22323022206465737469643d2231322220736f75726365617474616368706f696e743d223834222064657374617474616368706f696e743d2231323922207365676d656e74656469746d6f64653d2230222062656e64706f696e74656469746d6f64653d2230222062656e64706f696e747669736962696c6974793d2230222072656c6174656469643d223022207669727475616c3d2230223e3c706f696e7420783d2232323935302220793d2234393530222f3e3c706f696e7420783d2231393930382220793d2234393530222f3e3c2f636f6e6e6563746f723e3c2f646473636f6e74726f6c3e3c646473636f6e74726f6c2073656d616e746963636f6f6b69653d22303131643433323634383164343332362220636f6e74726f6c70726f6769643d224d534444532e546578742e3038302e3122206c6566743d2231393731312220746f703d223434333622206c6f676963616c69643d2234342220636f6e74726f6c69643d22343422206d617374657269643d223433222068696e74313d2230222068696e74323d2230222077696474683d223334333722206865696768743d2233333922206e6f726573697a653d223122206e6f6d6f76653d223022206e6f64656661756c74617474616368706f696e74733d223122206175746f647261673d2231222075736564656661756c7469646473686170653d2231222073656c65637461626c653d2231222073686f7773656c656374696f6e68616e646c65733d22312220616c6c6f776e756467696e673d223122206973616e6e6f746174696f6e3d22302220646f6e746175746f6c61796f75743d2231222067726f7570636f6c6c61707365643d2230222074616273746f703d2230222076697369626c653d22302220736e6170746f677269643d2230223e3c636f6e74726f6c3e3c646473786d6c6f626a65637473747265616d696e6974777261707065722062696e6172793d223030303230303030366430643030303035333031303030303033303030303030303030306666666666663030303830303030383030313030303030303135303030316363303030303930303162303330303130303036353436313638366636643631313830303436303034623030356630303732303036353030363730303639303036663030366530303566303037343030373930303730303036353030356630303666303036363030356630303732303036353030363730303639303036663030366530303030303030303030222f3e3c2f636f6e74726f6c3e3c6c61796f75746f626a6563743e3c646473786d6c6f626a2f3e3c2f6c61796f75746f626a6563743e3c73686170652067726f7570736861706569643d2230222067726f75706e6f64653d2230222f3e3c2f646473636f6e74726f6c3e3c646473636f6e74726f6c2073656d616e746963636f6f6b69653d223031346639383530303130303030303036343030363230303666303030303030343630303462303035663030373030303666303037303030373530303663303036313030373430303639303036663030366530303566303036333030366630303664303037303030366630303733303036393030373430303639303036663030366530303566303036663030363630303566303037303030366630303730303037353030366330303631303037343030363930303666303036653030303030302220636f6e74726f6c70726f6769643d224d534444532e506f6c796c696e652e3038302e312220746f6f6c7469703d22d0a1d0b2d18fd0b7d18c202671756f743b464b5f706f70756c6174696f6e5f636f6d706f736974696f6e5f6f665f706f70756c6174696f6e2671756f743b20d0bcd0b5d0b6d0b4d183202671756f743b636f6d706f736974696f6e5f6f665f706f70756c6174696f6e2671756f743b20d0b8202671756f743b706f70756c6174696f6e2671756f743b22206c6566743d2232393230382220746f703d223534393722206c6f676963616c69643d2234352220636f6e74726f6c69643d22343522206d617374657269643d2230222068696e74313d2230222068696e74323d2230222077696474683d223232353022206865696768743d223232333322206e6f726573697a653d223022206e6f6d6f76653d223022206e6f64656661756c74617474616368706f696e74733d223122206175746f647261673d2230222075736564656661756c7469646473686170653d2230222073656c65637461626c653d2231222073686f7773656c656374696f6e68616e646c65733d22302220616c6c6f776e756467696e673d223122206973616e6e6f746174696f6e3d22302220646f6e746175746f6c61796f75743d2230222067726f7570636f6c6c61707365643d2230222074616273746f703d2231222076697369626c653d22312220736e6170746f677269643d2230223e3c636f6e74726f6c3e3c646473786d6c6f626a3e3c706f6c796c696e6520656e64747970656473743d22302220656e64747970657372633d2232222075736572636f6c6f723d22313537393033323022206c696e657374796c653d223022206c696e6572656e6465723d22302220637573746f6d656e647479706564737469643d22302220637573746f6d656e647479706573726369643d2230222061646f726e7376697369626c653d2231223e3c61646f726e6d656e742070657263656e74706f733d2237302e3936323936323936323936332220636f6e74726f6c69643d223436222077696474683d223535313422206865696768743d223333392220736964653d223022206265686176696f723d2233222068696d65747269633d223139313622206469737466726f6d6c696e653d22313735222073746172746f626a3d22302220783d2232373430312220793d2236383336222076697369626c653d22302220616c6c6f776f7665726c61703d2231222075736570657263656e743d2231222f3e3c2f706f6c796c696e653e3c2f646473786d6c6f626a3e3c2f636f6e74726f6c3e3c6c61796f75746f626a6563743e3c646473786d6c6f626a2f3e3c2f6c61796f75746f626a6563743e3c636f6e6e6563746f7220736f7572636569643d223422206465737469643d22382220736f75726365617474616368706f696e743d2231222064657374617474616368706f696e743d22383922207365676d656e74656469746d6f64653d2230222062656e64706f696e74656469746d6f64653d2230222062656e64706f696e747669736962696c6974793d2230222072656c6174656469643d223022207669727475616c3d2230223e3c706f696e7420783d2233313035302220793d2236313932222f3e3c706f696e7420783d2233313035302220793d2237333530222f3e3c706f696e7420783d2232393530382220793d2237333530222f3e3c2f636f6e6e6563746f723e3c2f646473636f6e74726f6c3e3c646473636f6e74726f6c2073656d616e746963636f6f6b69653d22303131333433323636383133343332362220636f6e74726f6c70726f6769643d224d534444532e546578742e3038302e3122206c6566743d2232373430312220746f703d223638333622206c6f676963616c69643d2234362220636f6e74726f6c69643d22343622206d617374657269643d223435222068696e74313d2230222068696e74323d2230222077696474683d223535313422206865696768743d2233333922206e6f726573697a653d223122206e6f6d6f76653d223022206e6f64656661756c74617474616368706f696e74733d223122206175746f647261673d2231222075736564656661756c7469646473686170653d2231222073656c65637461626c653d2231222073686f7773656c656374696f6e68616e646c65733d22312220616c6c6f776e756467696e673d223122206973616e6e6f746174696f6e3d22302220646f6e746175746f6c61796f75743d2231222067726f7570636f6c6c61707365643d2230222074616273746f703d2230222076697369626c653d22302220736e6170746f677269643d2230223e3c636f6e74726f6c3e3c646473786d6c6f626a65637473747265616d696e6974777261707065722062696e6172793d223030303230303030386131353030303035333031303030303033303030303030303030306666666666663030303830303030383030313030303030303135303030316363303030303930303162303330303130303036353436313638366636643631323730303436303034623030356630303730303036663030373030303735303036633030363130303734303036393030366630303665303035663030363330303666303036643030373030303666303037333030363930303734303036393030366630303665303035663030366630303636303035663030373030303666303037303030373530303663303036313030373430303639303036663030366530303030303030303030222f3e3c2f636f6e74726f6c3e3c6c61796f75746f626a6563743e3c646473786d6c6f626a2f3e3c2f6c61796f75746f626a6563743e3c73686170652067726f7570736861706569643d2230222067726f75706e6f64653d2230222f3e3c2f646473636f6e74726f6c3e3c2f6464733e0d0a0000000000000000000000000000000000000000000000000000000000000000000000000000000000000000000000000000000000000000000000000000000000000000000000000000000000000000000000000000000000000000000000000000000000000000000000000000000000000000000000000000000000000000000000000000000000000000000000000000000000000000000000000000000000000000000000000000000000000000000000000000000000000000000000000000000000000000000000000000000000000000000000000000000000000000000000000000000000000000000000000000000000000000000000000000000000000000000000000000000000000000000000000000000000000000000000000000feffffff02000000030000000400000005000000060000000700000008000000090000000a0000000b0000000c0000000d0000000e0000000f00000010000000110000001200000013000000fefffffffeffffffffffffffffffffffffffffffffffffffffffffffffffffffffffffffffffffffffffffffffffffffffffffffffffffffffffffffffffffffffffffffffffffffffffffffffffffffffffffffffffffffffffffffffffffffffffffffffffffffffffffffffffffffffffffffffffffffffffffffffffffffffffffffffffffffffffffffffffffffffffffffffffffffffffffffffffffffffffffffffffffffffffffffffffffffffffffffffffffffffffffffffffffffffffffffffffffffffffffffffffffffffffffffffffffffffffffffffffffffffffffffffffffffffffffffffffffffffffffffffffffffffffffffffffffffffffffffffffffffffffffffffffffffffffffffffffffffffffffffffffffffffffffffffffffffffffffffffffffffffffffffffffffffffffffffffffffffffffffffffffffffffffffffffffffffffffffffffffffffffffffffffffffffffffffffffffffffffffffffffffffffffffffffffffffffffffffffffffffffffffffffffffffffffffffffffffffffffffffffffffffffffffffffffffffffffffffffffffffffffffffffffffffffffffffff010003000000000000000c0000000b0000004e61bc00000000000000000000000000000000000000000000000000000000000000000000000000000000000000dbe6b0e91c81d011ad5100a0c90f573900000200d0325eea44d2d701020200001048450000000000000000000000000000000000da0100004400610074006100200053006f0075007200630065003d0041004c0045004f004e005400450056002d004e0042003b0049006e0069007400690061006c00200043006100740061006c006f0067003d0077006500610074006800650072005f0069006e005f0072006500670069006f006e003b0049006e00740065006700720061007400650064002000530065006300750072006900740079003d0054007200750065003b004d0075006c007400690070006c00650041006300740069007600650052006500730075006c00740053006500740073003d00460061006c00730065003b0043006f006e006e006500630074002000540069006d0065006f00750074003d00330030003b0054007200750073007400530065007200760065007200430065007200740069006600690063006100740065003d00460061006c00730065003b005000610063006b00650074002000530069007a0065003d0034003000390036003b004100700070006c00690063006100740069006f006e0020004e0061006d0065003d0022004d006900630072006f0073006f00660074002000530051004c00200053006500720076006500720020004d0061006e006100670065006d0065006e0074002000530074007500640069006f002200000000800500140000004400690061006700720061006d005f003000000000022600280000006100690072005f0070006f006c006c007500740069006f006e005f0063006c00610073007300000008000000640062006f000000000226002a000000610074006d006f0073007000680065007200690063005f0070007200650073007300750072006500000008000000640062006f000000000226003400000063006f006d0070006f0073006900740069006f006e005f006f0066005f0070006f00700075006c006100740069006f006e00000008000000640062006f000000000226001c000000650063006f006c006f00670079005f0073007400610074006500000008000000640062006f000000000226001600000070006f00700075006c006100740069006f006e00000008000000640062006f000000000226001c000000700072006500630069007000690074006100740069006f006e00000008000000640062006f000000000226000e00000072006500670069006f006e00000008000000640062006f000000000226002e00000073006f0069006c005f00650072006f00730069006f006e005f0069006e00640069006300610074006f007200000008000000640062006f000000000226001e00000074007900700065005f006f0066005f0072006500670069006f006e00000008000000640062006f00000000022600100000007700650061007400680065007200000008000000640062006f000000000224000a000000770069006e006400000008000000640062006f00000001000000d68509b3bb6bf2459ab8371664f0327008004e0000007b00310036003300340043004400440037002d0030003800380038002d0034003200450033002d0039004600410032002d004200360044003300320035003600330042003900310044007d000000000000000000010003000000000000000c0000000b0000000000000000000000000000000000000000000000000000000000000000000000000000000000000000000000000000000000000000000000000000000000000000000000000000000000000000000000000000000000000000000000000000000000000000000000000000000000000000000000000000000000000000000000000000000000000000000000000000000000000000000000000000000000000000000000000000000000000000000000000000000000000000000000000000000000000000000000000000000000000000000000000000000000000000000000000000000000000000000000000053006300680065006d00610020005500440056002000440065006600610075006c007400200050006f007300740020005600360000000000000000000000000036000200ffffffffffffffffffffffff0000000000000000000000000000000000000000000000000000000000000000000000001400000012000000000000000000000000000000000000000000000000000000000000000000000000000000000000000000000000000000000000000000000000000000000000000000000000000000ffffffffffffffffffffffff0000000000000000000000000000000000000000000000000000000000000000000000000000000000000000000000000000000000000000000000000000000000000000000000000000000000000000000000000000000000000000000000000000000000000000000000000000000000000000ffffffffffffffffffffffff0000000000000000000000000000000000000000000000000000000000000000000000000000000000000000000000000000000000000000000000000000000000000000000000000000000000000000000000000000000000000000000000000000000000000000000000000000000000000000ffffffffffffffffffffffff00000000000000000000000000000000000000000000000000000000000000000000000000000000000000000000000062885214);

-- --------------------------------------------------------

--
-- Структура таблицы `type_of_region`
--

CREATE TABLE `type_of_region` (
  `type_of_region` varchar(50) COLLATE utf8mb4_unicode_ci NOT NULL
) ENGINE=InnoDB DEFAULT CHARSET=utf8mb4 COLLATE=utf8mb4_unicode_ci;

--
-- Дамп данных таблицы `type_of_region`
--

INSERT INTO `type_of_region` (`type_of_region`) VALUES
('Дотационный'),
('Промышленный'),
('Сельскохозяйственный'),
('Смешанный');

-- --------------------------------------------------------

--
-- Структура таблицы `weather`
--

CREATE TABLE `weather` (
  `PK` int(11) NOT NULL,
  `temperature` int(11) DEFAULT NULL,
  `precipitation` varchar(50) COLLATE utf8mb4_unicode_ci DEFAULT NULL,
  `wind` varchar(50) COLLATE utf8mb4_unicode_ci DEFAULT NULL,
  `atmospheric_pressure` varchar(50) COLLATE utf8mb4_unicode_ci DEFAULT NULL,
  `date` date DEFAULT NULL,
  `region_id` int(11) DEFAULT NULL,
  `cloudiness` varchar(50) COLLATE utf8mb4_unicode_ci DEFAULT NULL
) ENGINE=InnoDB DEFAULT CHARSET=utf8mb4 COLLATE=utf8mb4_unicode_ci;

--
-- Дамп данных таблицы `weather`
--

INSERT INTO `weather` (`PK`, `temperature`, `precipitation`, `wind`, `atmospheric_pressure`, `date`, `region_id`, `cloudiness`) VALUES
(1, -1, 'Морось', 'Слабый', 'Антициклон', '2021-11-10', 4, 'Ясно'),
(2, 27, 'Дождь', 'Штиль', 'Норма', '2021-06-09', 10, 'С просветами'),
(3, 32, 'Без осадков', 'Слабый', 'Циклон', '2021-08-12', 11, 'Сплошная облачность'),
(4, -25, 'Снег', 'Сильный', 'Антициклон', '2020-12-17', 6, 'Ясно'),
(5, 23, 'Град', 'Слабый', 'Норма', '2021-08-12', 2, 'Сплошная облачность'),
(6, 15, 'Град', 'Умеренный', 'Антициклон', '2021-09-09', 14, 'Переменная облачность'),
(7, 0, 'Гололёд', 'Порывистый', 'Циклон', '2021-11-19', 4, 'Ясно'),
(8, 10, 'Дождь', 'Штиль', 'Антициклон', '2021-10-03', 6, 'Ясно'),
(9, -1, 'Без осадков', 'Штиль', 'Антициклон', '2021-11-30', 2, 'С просветами'),
(10, 6, 'Туман', 'Сильный', 'Норма', '2021-10-08', 2, 'С просветами'),
(11, -2, 'Гололёд', 'Слабый', 'Циклон', '2021-12-01', 14, 'Сплошная облачность'),
(12, -21, 'Снег', 'Порывистый', 'Циклон', '2021-02-11', 7, 'Сплошная облачность'),
(13, 20, 'Без осадков', 'Слабый', 'Норма', '2021-07-11', 13, 'Ясно'),
(14, 5, 'Град', 'Сильный', 'Антициклон', '2021-09-29', 9, 'Переменная облачность'),
(15, -17, 'Снег', 'Умеренный', 'Циклон', '2021-11-29', 15, 'Сплошная облачность'),
(16, 24, 'Без осадков', 'Штиль', 'Циклон', '2021-06-09', 5, 'Сплошная облачность'),
(17, -21, 'Снег', 'Штиль', 'Циклон', '2021-01-14', 8, 'Переменная облачность');

-- --------------------------------------------------------

--
-- Структура таблицы `wind`
--

CREATE TABLE `wind` (
  `wind` varchar(50) COLLATE utf8mb4_unicode_ci NOT NULL
) ENGINE=InnoDB DEFAULT CHARSET=utf8mb4 COLLATE=utf8mb4_unicode_ci;

--
-- Дамп данных таблицы `wind`
--

INSERT INTO `wind` (`wind`) VALUES
('Порывистый'),
('Сильный'),
('Слабый'),
('Умеренный'),
('Штиль');

--
-- Индексы сохранённых таблиц
--

--
-- Индексы таблицы `air_pollution_class`
--
ALTER TABLE `air_pollution_class`
  ADD PRIMARY KEY (`air_pollution_class`);

--
-- Индексы таблицы `atmospheric_pressure`
--
ALTER TABLE `atmospheric_pressure`
  ADD PRIMARY KEY (`atmospheric_pressure`);

--
-- Индексы таблицы `cloudiness`
--
ALTER TABLE `cloudiness`
  ADD PRIMARY KEY (`cloudiness`);

--
-- Индексы таблицы `composition_of_population`
--
ALTER TABLE `composition_of_population`
  ADD PRIMARY KEY (`ID`);

--
-- Индексы таблицы `ecology_state`
--
ALTER TABLE `ecology_state`
  ADD PRIMARY KEY (`id`),
  ADD KEY `FK_ecology_state_soil_erosion_indicator` (`soil_erosion_indicator`),
  ADD KEY `FK_ecology_state_air_pollution_class` (`air_pollution_class`);

--
-- Индексы таблицы `population`
--
ALTER TABLE `population`
  ADD PRIMARY KEY (`id`),
  ADD KEY `FK_population_composition_of_population` (`composition_of_population`);

--
-- Индексы таблицы `precipitation`
--
ALTER TABLE `precipitation`
  ADD PRIMARY KEY (`precipitation`);

--
-- Индексы таблицы `region`
--
ALTER TABLE `region`
  ADD PRIMARY KEY (`id`),
  ADD KEY `FK_region_ecology_state` (`ecology_state_id`),
  ADD KEY `FK_region_population` (`population_id`),
  ADD KEY `FK_region_type_of_region` (`type_of_region`);

--
-- Индексы таблицы `soil_erosion_indicator`
--
ALTER TABLE `soil_erosion_indicator`
  ADD PRIMARY KEY (`soil_erosion_indicator`);

--
-- Индексы таблицы `sysdiagrams`
--
ALTER TABLE `sysdiagrams`
  ADD PRIMARY KEY (`diagram_id`),
  ADD UNIQUE KEY `UK_principal_name` (`principal_id`,`name`);

--
-- Индексы таблицы `type_of_region`
--
ALTER TABLE `type_of_region`
  ADD PRIMARY KEY (`type_of_region`);

--
-- Индексы таблицы `weather`
--
ALTER TABLE `weather`
  ADD PRIMARY KEY (`PK`),
  ADD KEY `FK_weather_wind` (`wind`),
  ADD KEY `FK_weather_region` (`region_id`),
  ADD KEY `FK_weather_atmospheric_pressure` (`atmospheric_pressure`),
  ADD KEY `FK_weather_precipitation` (`precipitation`),
  ADD KEY `cloudiness` (`cloudiness`);

--
-- Индексы таблицы `wind`
--
ALTER TABLE `wind`
  ADD PRIMARY KEY (`wind`);

--
-- AUTO_INCREMENT для сохранённых таблиц
--

--
-- AUTO_INCREMENT для таблицы `sysdiagrams`
--
ALTER TABLE `sysdiagrams`
  MODIFY `diagram_id` int(11) NOT NULL AUTO_INCREMENT, AUTO_INCREMENT=6;

--
-- Ограничения внешнего ключа сохраненных таблиц
--

--
-- Ограничения внешнего ключа таблицы `ecology_state`
--
ALTER TABLE `ecology_state`
  ADD CONSTRAINT `FK_ecology_state_air_pollution_class` FOREIGN KEY (`air_pollution_class`) REFERENCES `air_pollution_class` (`air_pollution_class`),
  ADD CONSTRAINT `FK_ecology_state_soil_erosion_indicator` FOREIGN KEY (`soil_erosion_indicator`) REFERENCES `soil_erosion_indicator` (`soil_erosion_indicator`);

--
-- Ограничения внешнего ключа таблицы `population`
--
ALTER TABLE `population`
  ADD CONSTRAINT `FK_population_composition_of_population` FOREIGN KEY (`composition_of_population`) REFERENCES `composition_of_population` (`ID`);

--
-- Ограничения внешнего ключа таблицы `region`
--
ALTER TABLE `region`
  ADD CONSTRAINT `FK_region_ecology_state` FOREIGN KEY (`ecology_state_id`) REFERENCES `ecology_state` (`id`),
  ADD CONSTRAINT `FK_region_population` FOREIGN KEY (`population_id`) REFERENCES `population` (`id`),
  ADD CONSTRAINT `FK_region_type_of_region` FOREIGN KEY (`type_of_region`) REFERENCES `type_of_region` (`type_of_region`);

--
-- Ограничения внешнего ключа таблицы `weather`
--
ALTER TABLE `weather`
  ADD CONSTRAINT `FK_weather_atmospheric_pressure` FOREIGN KEY (`atmospheric_pressure`) REFERENCES `atmospheric_pressure` (`atmospheric_pressure`),
  ADD CONSTRAINT `FK_weather_precipitation` FOREIGN KEY (`precipitation`) REFERENCES `precipitation` (`precipitation`),
  ADD CONSTRAINT `FK_weather_region` FOREIGN KEY (`region_id`) REFERENCES `region` (`id`),
  ADD CONSTRAINT `FK_weather_wind` FOREIGN KEY (`wind`) REFERENCES `wind` (`wind`),
  ADD CONSTRAINT `cloudiness` FOREIGN KEY (`cloudiness`) REFERENCES `cloudiness` (`cloudiness`);
COMMIT;

/*!40101 SET CHARACTER_SET_CLIENT=@OLD_CHARACTER_SET_CLIENT */;
/*!40101 SET CHARACTER_SET_RESULTS=@OLD_CHARACTER_SET_RESULTS */;
/*!40101 SET COLLATION_CONNECTION=@OLD_COLLATION_CONNECTION */;
